customer_id,address_id
87271cc9-ba33-47b1-afc7-a3c2e87a5af5,f3e197aa-e8b4-44f9-aae4-b2876115dc39
3e331add-c718-49a5-a312-047bef7c4cca,dc89ed01-6ffd-414a-a289-a79148b3b4c1
53cb7176-8e69-4d64-ae9f-a3158ad37e24,5487cd95-911b-4966-98b5-9f41352d1cee
522ec381-cf64-4be0-8818-d9f3761bb3f6,ee3ea53c-7da5-4589-9e28-8386af14c3b4
493b91f9-6e11-4f3d-ad7b-cf6b9c5f51e8,740fcccf-7c78-43b0-b241-e3329aa76ef6
ed0cbd37-e7e7-4f60-9243-01699a4b08be,ce1c2c62-2a84-4f9a-9631-2cda1bbe3655
bba80b09-5beb-41bb-abbe-ce33f82d366b,a26694fe-2d4b-4f29-b7d1-faf50a917bc8
27b04fb8-b291-4b8b-966b-2e5f68b56dd7,716b8ec4-1fa4-4777-83cd-469302f8985d
d599cde1-97fd-4879-96ae-88e1a5344018,24ea055b-203d-4c00-8f0d-53de39427e6b
29ca3e45-e0ab-4f04-9055-4f3ce569bd16,78c18356-3271-4f94-b50f-26cb23f231b0
166597b2-a773-4822-b168-a856c596f0a0,bee0db67-b196-4f51-b3c5-024c0ed2b9fa
414a48c2-19db-4c09-b13a-b0eb0999e363,2a98779b-9916-4b4d-a147-8ac07d71badf
ed6497d4-45c4-47e8-9bae-b1e4501fa0d2,19aebf2b-b2a4-4269-81e5-7b53068d240d
b0eb223b-65a9-486f-be83-3cf90538b701,9df0bac1-e657-4f54-b6ab-688ecd748916
0b3fd5ea-ed26-416a-a6b7-95e0e6b9473a,67781bb2-5702-4a98-9972-e6d1ad40cb80
0a5e2cf5-9cfb-4295-98ab-858ee08c0b0c,9556ba93-b62b-4f2f-aa6c-54d701b6d77b
8ce97ecd-a020-4ecd-86bf-d917b6b83649,a80d4036-95c0-4e98-be9c-7629ddd9954b
88d51707-6db2-42ab-b4e4-49107e52fe7a,be180c11-2357-45b2-943f-179a2429de80
cca395ef-360a-4457-af71-05b59e5a951a,f8ea51d6-4c54-4600-90ff-b10628badb0b
ab792b39-a47e-4af1-8805-b5aadc1cbc52,2ca6d912-82f1-4d02-9c16-55567e9f25da
de34a16b-cb75-4155-b53b-6be06e9bc096,31150e48-30fc-4781-80e7-3c07c87afafd
faf4621e-b744-422f-a2e9-484e3588b8b7,175033a5-b7a9-4263-a5aa-1974cd6a2df6
09436776-79cf-44ab-b899-33280a5906fc,cb2f9891-3be6-4abd-b278-ef91d0428edc
488593fd-7fa6-4862-91c5-69cbe435e422,7f2fd39c-7a67-4dfc-a13a-2f3ce4b75a6c
09e15428-593c-46cd-afc4-faacea1e1594,10705d88-675c-4ae2-9876-a0f7345d858f
e28919a4-1d24-4863-9473-92038b0fc712,515dbc6e-590b-4f53-909c-b4e4bacb3f3c
30c3d71b-6f06-47c6-93ba-b762de7a008c,b2b097fb-107c-409b-a26b-33ca61de29ab
a0b4bd24-ff0b-477d-ac01-8c5d749b5b3d,6b505f82-6d63-4bae-b4cd-552d9f1861c4
f3b84568-1c51-477e-a4d4-74154480ac1f,cb2cb8ad-75f6-4083-ae2f-37dc6bf19609
af50e4fb-5dc7-4ab5-b4f5-63b03f6ab075,9bb8a269-36d3-4d68-b02d-cb08000313aa
a267373d-55e9-4830-9afe-34fb722a3c47,1caa4f3d-bde4-4dea-974a-481dfae9440f
e7df12c1-cd7a-471d-b4e9-6fa7172e2da0,79f6124b-7486-4728-81ad-861fcedfb643
4a827b31-4983-4a90-bc12-52802a12c7f5,d951af57-c85e-4e5a-be9d-c49d1b51eda8
c18aaa79-d6aa-4efa-961b-2c9dbf12c4a5,1dab234d-43ad-48ec-a9de-38bda7349147
fbaa9ca1-82ad-42c2-9422-84bf8d0444bc,71d650a4-0e38-4e94-a354-4a5372ee918d
f102f409-ab54-4332-927e-264df2bb44bc,cfdaafd8-f4a2-47d2-b826-3fe0caa5d686
cd738ca5-f36a-4ca0-b1d2-6e895f1428e7,08e32d43-206b-4512-9523-90d164a98597
e2988204-be91-460b-a144-b9c9450996a7,007ff204-e62f-4b37-a9be-cb32d432119c
a10d3f3d-0f27-4430-933f-b74d30eec22c,397347eb-03fb-45c3-8193-f0e86e7204c8
4396acdb-9444-46d6-ab03-c67a60ce54a1,c19d32c0-fbad-40c3-b758-be02d611739d
dead7de6-ce37-4cb7-b4b3-aebc929301a3,62b1a525-6298-4e83-90f8-0c5bd15717b3
c9f6b909-f367-42be-8722-6386d0af4185,e3698066-c5da-427f-b15d-aad6d6de64ec
a0fd941b-bf13-494f-9bac-11fe5ea091e9,ac0c9898-4cc1-43cf-9fe8-b1bd0302993d
4aed663f-0e9c-45b1-9659-2e0a13538015,f589a042-9b57-4902-82d5-58b94d0b6908
b3e1cdde-45c0-4df7-83a5-d9fd1fcaef46,bd8872ca-c23e-4d9b-ba60-638e10328c4f
2f20aad5-efbf-49c7-a7e0-a9e07f592e84,53dfe1da-6fda-4efb-b297-e9134943697d
0ab5270e-0fe1-40dc-9336-3d08aae9cdb4,effcf381-c730-40b6-98d5-14fc97c1468b
e926152a-d41f-46ab-8cb7-c44535f6a861,6464acfe-2a16-47a2-9b0e-a5af3ed93a6c
28366c12-2a4b-4b69-8330-d3f9617c64f7,9f75fca0-187b-4147-b874-9b00401e64de
f07a964b-7789-43e1-a1d5-664a4b2ea168,f2c289f2-79eb-449f-a28b-e9fe4e601019
01b3dd11-5976-43e2-81e6-cb81664fc25e,9c7e6be2-86b2-4879-9f80-df9e09922352
3283a583-8dfe-4bd2-998a-e0b50a43f8cf,ac3917fb-4ebc-42b1-b4e0-87ea21ce198c
c08c311a-f7bb-461e-b8c5-96796bea210e,23efb2d5-c906-46e8-b013-fa2640e03985
b769862b-bb55-4583-abc1-0490d18dacf5,5dae6c57-9dcf-44b9-b374-c7c68d5264db
065f6218-a460-49ba-8f6e-1240e4977487,514c94af-c8c5-4339-b139-cc01eadc1a72
2192e865-8d77-4945-b77d-f9923c09c62f,2d570662-1cfa-43a2-b410-a42b2b764fff
abfc0a02-39ab-45dc-8fc2-6aaad9b4777b,287e0173-ae8d-4352-8180-7420ef3f68c8
bf82317c-7fb1-4230-84e7-9029a315d47a,55a8527c-8079-477a-9d63-972ddf05e21e
ce1079e2-fd0b-4f1a-9a13-0ec5800c4542,94ccd67c-c1d7-41d1-88ae-448725a3dd87
35dfe4b2-5421-4943-a1b3-eb4aa158dee5,468b9d8f-fa8e-4d46-ab4a-195e6531ff26
52e1d247-3171-4b24-beb4-2eb9d22a21f1,b1a591b4-1d96-4e77-ac8d-4ec1d0e2c3d8
789eb49d-1661-4815-b2be-4e49b71d2f2a,1a98bd6c-d999-4371-bbb8-40f72bc31241
ab0f999b-9bfc-4c0e-9f9d-4b7aa8f3a93b,63634e1a-a17b-4f85-85f9-0c0951ed65e3
6f4092bc-67c1-4993-a410-f9b30a0f10c0,d49b5147-1a87-4923-86ff-328f816e21bf
bd7f14cc-c39b-419b-9fc5-a7025d939739,303f73bd-9206-4ca8-bd00-1d0caac27b44
ec5ced0b-3e4e-41c0-b120-8a3d26d829b6,04b01b80-d859-48eb-b170-e29be107ca34
ce5e0e98-1a78-4c46-941c-76c13c07dd46,bad8e7fb-4003-4482-bfde-ea4147aad78d
5b8949d4-ca4b-49b4-a2ea-e44c1fbe8641,d622d60d-2913-4764-80a3-47ff4850b372
edfd7ef8-63df-4a36-b404-574853008ece,91bc0b6c-de0b-4651-9334-005078c8f33a
201617e9-8298-4a87-a2c8-60c63bd0cfe3,1b701924-e709-4499-b700-436e168fdbf4
de15bc28-a722-453f-8488-94952355f997,2b12e96c-6605-4cb1-9593-7347d7ead6f5
699b73d8-71b1-458c-8c40-0c85a215b224,ebeb959b-da46-4d28-8635-86dec3a61afa
a2f9656c-5a99-4f25-8587-3f057c7e9834,04e2737e-4ce9-43d3-8fef-97e61ac0598c
092c5f3d-881b-412a-a761-2e80f627dc23,235628d9-93b2-41b3-94d4-1651ac1865e5
7bbee593-84af-425e-bd78-d76f22f16e53,f1f6ed32-a89d-46da-a92a-bd71bbf75089
b16f6d3b-0beb-441f-9bb1-503c6a779176,b4d50a9c-e949-41b5-8c6c-9d6db500e4b3
afad6b72-a3cd-4bcd-b626-ad903dcc34ea,13cac344-13fe-4f13-b12d-d61379804466
a563550e-7820-41f6-a803-365db7e6cadc,b9522ee0-4dd3-4751-b834-862abb59805a
a425f188-6f26-44d0-b619-57691762c336,3f73fe62-9f19-40d9-a4e3-3bb036384f7c
42177cae-8c35-4891-b8aa-df1acae69fe7,bdbc83be-c7af-4204-bdd2-4fa1029dd52e
51312930-73df-4e1b-8bca-cc449a54e6de,b9d2c99a-ed8f-4158-8996-4a95686474ff
51dc4f50-5b57-4d7b-a4ac-fc6e586af9ec,68ebbc1b-0e44-402d-9510-f87b82eb1edb
9b8b0533-df92-4683-b1cf-f436d2eb9b1f,846e2a32-6449-42c1-b886-8a4e5eeb6070
b3d178e9-3878-438e-84ab-9abb716ff609,2cb04693-e412-4ac5-9eef-2d871f10dafb
53d6e2f7-11a7-4a38-84f1-181c8ea2bf19,d8bab539-3f01-4477-aac0-0ab89f4c318c
3b5b90d0-8724-4b0a-a184-a1dc2daaa5fe,3e7e6c4a-bb6c-487f-8e99-3a5d5c8a95e8
45899815-27cd-4f11-977c-cc4deb2c3884,cae2d6d7-6cf9-432a-8e1e-6fde56831672
38c75677-86ab-484f-a0ad-7e484714e7fe,19c10b31-a440-4c7b-b980-cc7c9e1949b3
a6b16169-71b8-4fd4-9d04-635dea9ef674,dd0ffc7a-df16-41be-af5f-7344b69612e6
6aabc7f3-3ddf-45ae-b2fd-047ddef30896,12a938a7-f729-4e62-af53-921537eb469e
ca7d773f-a45e-4232-80c4-e0a85ef9fde4,727e2393-ff5e-4cc4-b7d6-f238be6c3d3e
e3579080-69a2-4468-896e-971dc7df4ac6,feafdc91-61ff-43e5-8040-aff9b84b5224
c2ce727f-fe1e-4f17-9174-fb17e65cabaf,bc6692b7-6931-49e5-a791-8e27294060b5
c83ec9a7-cf6a-46f2-8405-3b6f46e0d0ed,b07d628f-7649-427a-bfee-cf712990553f
a09c08cb-dc63-4144-b0c3-af548bc71766,dabbc1fd-f1c3-4c5d-800b-a1eeded4b7f5
ed9a59a3-79b4-4e45-94fa-c806c2d8ceaa,83929179-a329-4d7d-9069-02c973e1dfc5
e4a366b7-90f9-4549-9e39-8d56df8a1f21,3347fcd4-3668-47b5-8a77-7431997cb0cd
9eaa0c93-2c02-4192-8855-eaec4fb4790b,20b13cb8-a4e3-461e-a455-b3f74bf25285
5f2dd437-0150-4c0a-b7a4-af074635caca,b1f56cf5-5d89-4dc8-8344-5b9ad6498c10
41186373-b7a2-4fb8-873b-8a1981c0c514,f73d3692-cb45-42c9-8daa-553f9e65c233
ac2d1bef-f21c-442c-b5d2-3085c28ac287,0b36a656-4c5a-4878-9ec1-17954f747de2
340b6fdb-819e-4b60-91dd-17c01b680f2b,a4d6989e-a272-498a-9290-7ceb0160f021
0d121608-c516-407d-8fa4-d84ce1d769b9,79b6d8b1-d8ae-46fb-8d6c-214082e1501e
cb22af39-2510-48e0-930c-8845a32f2dda,ba83cee4-8427-4c83-9887-027fdc65e567
9dc415d5-196f-4ff4-970a-2db2e7351a21,a9e85f1a-01e8-4984-a5b9-ff314d68ae4a
38ba23a8-5dfb-4048-a7be-384603a23e14,6bc32832-41b4-4914-a93f-305e0200b528
59ef4bea-4c04-400a-ac7b-dc5fc36fdc5e,90735d29-f9e5-447d-9071-444c94b3ab18
650350c0-b874-43e9-bdce-6a439a366a69,19ab750a-3012-4f86-a9ac-e38377bfaee2
8d0385ef-242a-4672-b80c-ea517f00d219,15853f78-e671-47c2-8a45-34137b97db14
6e79ded4-c21e-48cc-89f9-720d70206bf4,5a7ff3da-7a2b-4a1f-ae7d-9f7d4aff9a54
8798ddcd-cb13-4434-8831-0899f3eee1ea,89a5048b-08f9-4b0b-8dfb-8802ee48fed5
b5317e99-81b5-4a22-8a49-d4c797cd434d,48888a3c-2fec-4bbd-bcac-0fc6a860b984
b8ef5abc-7784-4893-a210-ca6135751229,b91b7808-8c6c-4a12-a74e-6b8860b4c2c5
37553ab7-3ddc-4479-9b8c-f52f8e3c17db,93d1fd8a-2aa5-4be7-8426-ec545455f84c
bad8cdfa-0b25-49fa-acb1-c917c2790fd8,2d2af64f-edef-46ea-bbb8-553abdc5a140
2503af38-e9d7-4610-a107-eeae6f0076bf,5c17a89c-dbe3-4fc4-b857-6cda563c6154
8ed01589-bd8d-46bf-8f10-8ac41c01848f,0924a8d4-3e90-4e1a-9827-1e218ce94a82
d2145397-1436-48bb-819c-fa437a3de413,ee7705b4-4e6c-4d0c-be63-001abcd7e4e0
062c7385-f85c-4bc3-b58f-5301a089a970,6feba1ed-d394-486a-87d4-e6f66daa96fd
8644ad19-f21e-448f-b840-6c87b356eb2e,ca860585-fc6f-4af9-a701-8b6dffeaeb3e
2cf5b691-803b-4cec-8dfb-ff59103a45d0,4f21ddc3-03e3-4d82-a515-50f8b27ec5d2
e942d78b-8b2f-40c4-b73d-91633e732673,365fec48-d4da-48e4-ab0c-908f0f4382ae
c4a6c2f3-28d5-43b1-ab63-363958904266,b5fe24ef-22bc-4745-a432-e241427ecd33
126e84df-b5e7-4f1b-9fba-66a7279ca165,2ec95553-a340-4b33-9d14-f05a698a34af
c98a96ac-aec8-4604-a1ba-25fe403000aa,08a534bc-3e00-4006-8e84-a7e5d66022af
2747897b-c5c1-4566-8d46-0169749a6e2a,e7c928b5-cb60-4d24-95f2-67c824e4dfe5
8ac9c053-c44f-4c9e-90f5-3275b8273ae3,1d2d04c3-913b-4ee3-90ea-3511b8e06dd1
006812c7-de53-42a0-a6a0-35106f1af5c4,75e0ffda-aa3e-44ba-8eff-6856db1112b5
fbc65324-90a2-4cfe-be2b-f496c59bb6ed,186b49e2-3a7f-4d8b-a816-4841381f2786
9fb6a0a7-0411-4e5d-b2b3-a303673ee74e,547c32e9-c68c-42b8-a82d-9ee98b460cb1
07c1be27-83ec-4fc9-bad7-d06331ddec86,cddb3412-aaa9-462a-8c08-e4f79f2f7381
a0f74578-6548-4ac6-ae7e-80f49fe25120,49a70822-05f7-4d3a-970b-fedef49028aa
ee479fca-14c5-43b6-bb7f-72b06ca60389,a5f8f715-6d6d-4a47-8897-09cf479676aa
e8fed7a3-b81f-49e6-ae4a-12dc40763e2b,4c4a7496-f96f-4912-9436-615fdbfa3288
df40011d-635f-4434-9aa2-fa01db9ce12e,02ee1f77-bc64-4e32-860e-4cb93faafc09
98362419-74d3-44be-989b-77a38071880c,5b815c0e-ac7a-44ac-95d8-d7b30c775eaa
952b29c5-c16d-46ff-b80f-a17f53ee4ba6,d17574bc-354d-4842-baa2-6f504c0b1f21
7c737ff1-5eb6-4b85-9a82-6520bb60d7f9,11c66478-754c-496b-8ebc-a50da18957c4
8ebebc4c-84d3-43ab-aa9c-23e4d7e2c2d7,c23d98ad-8d47-4f58-bee6-73bac1d7c587
51be3a35-299b-436f-bc66-3e8ca291d42a,10fdd8ec-572a-4964-936d-ed27bdaed713
a56dfe20-665d-44d2-9e10-74b325b7f7e6,0f9f2ab9-4a9b-414f-9123-dcc696b87a32
e408bf44-4f06-442b-a4e0-ca56ab72cb37,86ee2427-7c88-477e-88fb-2d7904d50603
5ffbd70c-14ed-446e-8d10-467dcbd98d75,d95916d5-80f0-4380-afb5-d061f1cc03a7
80a205fc-293b-4cc3-a7bf-7e4edd758d6b,44e84aa9-8df3-43b4-b6cf-2284e8224057
5c3bdfce-affc-4ffc-ba13-a42cd06369c8,de299e74-bffc-4b3d-adeb-b02485b174f5
d4085c43-78d3-492e-921f-69acda848be6,d42698f5-dce4-449d-9286-d6d259e98bc6
4d0d8555-6123-417b-afd2-eeaff0ffbe86,805035c1-c7aa-4251-976b-1944473ff443
582736cb-f0d3-4db7-98a9-72e373ffd6f7,516aa457-2d18-4931-bc2e-a4b6b436cb0e
d1cccc87-6b22-496c-bec5-342b652eb531,823b23de-8d20-43c1-8014-8e76fb3ce45f
ead1631e-6e78-4c11-8f8c-4867d517ddfc,723c6980-4a45-4877-8f94-629b176c192d
170d87f3-79ef-48fb-b5e6-d7d57458d126,7b0636a9-708c-4cda-9df5-f409d01d5a8c
0fdca93b-d6d2-4ec8-b076-428038d09b5f,56492fc3-4fb1-4e20-9815-f068d965ea6f
bd6693a6-bc52-42f2-9821-56145d779df4,2a0bfdce-a9cd-41aa-8f20-53d94b4377a1
34ad446e-236c-4a80-b770-bd3f4dd4037f,cf694208-12e9-4bae-84f0-f116aa874e37
42dc4339-779f-4736-938e-2b6b9602e44e,da583140-674b-4004-89ef-c7f6ac2add6a
fa78ced7-85f9-43b6-a78f-1a385087e58e,29d3bf29-b3da-4b12-8ff6-e26caac1de68
deb7a171-243b-43d5-93a6-ddfc8dbb99c9,2f7b965c-1a6c-44e1-aaf6-caa16462469b
1f7373f7-c7bb-4eab-9fa5-af52703968b8,28fc7e48-b321-483f-94e2-8fc5a80b1fa8
4600530e-a81e-435d-9d58-a501b20c6300,6a5b810c-ca98-44c7-aa80-2c789005d944
11d42b24-5eeb-4a2d-bf65-abeeb98dfe4d,f38dd79f-3711-48c4-9b2a-ed71d6132cfd
b4dd1633-bfbd-45f0-abc7-50487d14cfbe,a324f900-4fb3-433d-b915-8ca86c36c216
2f31342a-7b88-46a6-90c0-829acf21c039,f6599bf4-361a-45a3-b3ec-36cf1cf39cea
d9285a92-8e0e-45b2-9f2a-2ab40899f2c0,b350446d-bfdf-4971-9866-09b03c764de5
277eab64-2468-4017-bc7d-212d6c99e204,f1ea3c73-a99c-4c6e-bf13-ec9814268cc7
b8892db5-3d0d-4097-8e2e-4777824ccdef,ce988029-2848-4140-af7a-50bca8d11695
2f629332-3d18-43ab-8de2-c9c7264ec9c2,668c9f2c-67fe-41b2-b51c-9515fad00824
813d511d-8aa7-4b48-9a86-d3c87268caf0,703aef30-8a35-48ab-9c7c-d63447a1f75f
f4c1173e-470e-4070-8df6-49eff4b1507f,763f8db1-2ee6-4dbf-8bf2-f15cac5064df
2c619085-57cf-4c97-8696-8999d5b7e449,1bd7c21d-d819-4894-b1bb-d7a5017b0597
565c3cd5-dd60-4683-b854-342d2fd7e1ba,86e43544-1f9c-4c38-bc2f-1cfce1a4a065
eee28cd7-270b-481c-84b4-beea8e328a96,396f45fb-092f-4a33-b101-f394ac33dae9
2c87a419-de27-4d40-b0de-c9f439f9f180,1958cab6-cd25-4924-97aa-dfc35ceb2dfc
f4245e22-6c34-491d-8bdf-5e69c375e53a,8fdb1dd5-2044-4f9a-a6f6-2865fa733af0
394c0681-609b-44d6-b1b6-0d43bf87667f,6544b8dd-f355-493f-b609-7f0a14f5c79b
1b3528c2-d00b-478f-b0bb-8904b758d6a9,ceb2f7b7-53eb-43c9-98a9-83c006cdd3cf
5bf7fb83-453a-4a39-bd6e-caf47f3f19fa,1ec0b738-e86b-4d99-afc7-6a8776fb5cc8
5b6f3ba6-f810-4861-927e-b7a64462eb38,f924e38a-06a8-482a-9914-3f9c76ea7895
c65b5f2a-4674-46be-b584-e97833eee3ba,5fceeb78-d63e-4172-9b3b-b3cda62150ab
c2fb5f4c-cb8a-43b8-9bb3-c0186dfdeeab,81c63a94-149e-413d-ad3a-e89499230902
308b3b30-bceb-41c5-b95e-4e6895045c28,9efba0d9-9495-4814-9072-242fc8c74dc7
f19ae407-272f-4a83-8545-2259025def87,cca8a890-4583-4989-8ec9-b8fd630bd6e4
574f1d65-05b1-4f72-b619-8b52b8d09efd,d4463972-22db-49c8-a6ca-5749506ec69a
9bf4f91d-6e69-41a4-8a1c-8f7d826be764,c42430e9-da49-4e0a-a88e-02174f8b16fc
edc15ffa-e07f-49a7-8dd5-a4b3e4974072,026531ec-58be-4bbf-ad7b-95e8f6aaaa64
ac3d95d8-6343-4d78-a872-fbfb927edba2,0277ec70-e09b-4cc9-8cf5-c16f8db621c0
892c8be4-804c-41a0-877d-25c38f6657d6,e1846007-8a6e-4f83-adbe-3c8d8f0c8187
448566c0-cf08-4a35-8444-111d5c899c0a,7006d257-3523-4de9-a02b-fb591995edf0
a9aef714-ab2a-4a50-af90-2856cebd173f,8ee9c146-fbd8-4104-a94b-e84041de6d5a
4b479c30-fd9e-4fd0-b230-f0b0ad09b612,e931097e-3e15-44a7-a444-cb88f91e5f14
0e334bb2-96b4-4881-9b30-767ab3ee215d,5c657a97-d150-4b34-a85e-d0cb59a6af24
dddbeed3-2e82-46b4-9f8d-85d0d1a287e4,7626aceb-a548-41da-b991-dc5f889f7233
826f920b-bd97-4624-8208-71e6e4f02968,2c052157-1d79-4478-9df2-e2e81e5a7759
ed92400c-7b80-4272-bfaf-d4da8f88c3ee,5ddd3a8f-f72f-4213-b0a1-c8149c59e844
b1435c52-0fdd-4f50-8b27-a13bd066bde0,6f421ebe-b733-4a57-9a77-e1683c1d39b1
2c294545-335e-4dca-836c-08339aca5a38,8aeb00af-c478-4eaa-98f0-743113ba5690
9aa367b1-4d33-4162-aacb-1d74099fd05c,5c037f39-5e07-4748-bd8b-024edfbd6862
549062a9-5b83-4e9c-abfc-b0a4f89cd8ab,78a04796-a592-4a20-92da-effad1a99484
3949b86d-42dc-4c69-832c-3d4892a8c95e,06d38053-61d5-433c-919e-eab606550e5f
2387dd3c-3e61-428f-99c0-99204b93ca55,d9ce5f8b-b55b-4b51-848b-68be090a2382
d7b3ae01-7d41-47dd-8906-6bd9972c87c1,ca960ab8-91d5-43a9-a8f8-aa938c323578
5e316392-703e-4694-9efc-849b6246345a,5095aa2a-56f1-4eba-8688-dba4e24a1180
974e2711-1403-45c4-9183-c58513d75e37,f7dd0b39-2910-4052-a4a2-fd55fdecb597
087b67c2-40e4-456b-964c-5b70899105d5,ceeddfe0-64b4-4d88-ae91-48f9bb238683
f472fadb-332a-4c56-9b25-6688211728d3,c8cefe20-8ab0-4e42-b041-f40b0ffc9236
7e03808e-563b-40dd-aa58-abe558f3eaf6,297fdec4-0fa5-49ac-a769-f0cba78a9493
1a21661a-6f7f-4b0c-8d80-b534a6a6f600,b52ba120-0385-4002-8ad4-bfa3036bbe84
42025d60-ca29-4c78-a26d-bec1997d79cb,01c27247-6c79-49c9-987b-36e1c4c7a466
db973535-12cd-428d-bd79-199cbcd57be3,6f10ebe6-3143-456e-bab8-9bd23b13d547
447acf5e-c151-4d5d-8fd1-15c1b00aa232,97eccbfa-a2d5-4010-9ab1-9dfda424eb38
872c2d76-6831-444c-a837-fa298c4ba91d,477e74e4-fbb4-486e-ab4f-8e264894915b
812348b1-948d-4652-98fc-3e83d9e22389,4ec302be-95d9-416b-8073-2c0bd8028712
c0994dd9-b2c0-4d3e-a868-fccfa60d4ee2,81ed79aa-4087-44bb-bba5-8af937aaaf29
b770dec2-7070-4216-b51d-e5959c071310,edc41941-c098-408d-8f46-cde53b93e680
d21eb17d-6d1d-4cc7-9b0f-dd037a72cabe,9bfd584f-6f8c-4e17-aefd-d96e270634f1
6c1508d1-9d2b-4486-b0cd-84a96ab5f327,a9dfc7a3-6882-42db-a65a-de0f9d0f2d9a
d4614c18-c794-496f-9571-a9c6b2153fb7,812015cc-d686-41fd-bb13-12744b0c94f7
eac5893e-c5e7-4bb3-b2ad-7c0b75063cf8,5db5444e-e91a-4240-967c-ceddcd6aa727
bc76785b-73ae-43d4-9393-de9203a73231,d74e40fc-3eb2-4db9-9413-3cf0237cfa88
0f33819f-9beb-49a7-b7a8-de983e55eb22,9d14c195-8bf2-44ed-95b5-41e6b0c3b98d
4ed0a57b-080b-43e2-9f1d-b892d5439cba,152a907a-6c9f-4b1e-8e23-47144ba8d384
36af81b8-cf12-42e3-af22-1d4c1b923490,fe244028-73ea-487f-b408-8d384c649e3c
80351c37-333e-4dfa-beee-384d46d50e68,62eaae8e-455e-431e-9f2e-710e8b67a459
20c85b97-0772-4cc3-8137-597d86a11741,3d592541-0788-4ae3-9dae-7a1fb06bb47c
f28b4a2d-b6d9-4ddd-b777-9567ca3daf04,afa31794-e847-48a2-9132-b397196218c7
8265a493-cf97-4262-aba1-f18e2ed16fb8,ad648c7a-adfe-4119-a729-7bedfe0cb824
da64a34d-d3e0-4b7c-8dd9-73fb4f564c9e,a165e99c-62ec-46c4-b098-9faa9553be4c
56739e3d-8d5c-47f7-8f1d-b58bc6bd0645,409786e2-14cc-4a7b-ab13-afd73c7feb73
212a7325-5b9c-4b3b-8a18-dc9281bb096e,7d190d90-e72c-4e8e-ba60-50aa1e44897c
c535e9a7-a35d-494c-b494-6ba1f5ee8569,62e1a594-7184-497a-968a-f010dfd1a908
865ddd60-c442-48ca-89aa-1a3208497881,8209f306-fec4-43e4-8771-add1770a5c64
aaf99ed0-c4f5-4d0e-91f7-d2e79c69a68c,f591f505-4454-4fd7-a70a-c00b7e0530c9
01ee018e-3781-447c-ae01-0faf46f59045,9e5e07a5-5077-43e8-bf28-68f81dad74e3
99c570f6-a773-4805-b6ef-44a3de7e5b83,2c0aee1c-e9a9-4ebd-a282-a875703c8920
729bb59a-e1eb-4785-a19d-e10fedf75830,7536c75d-1d5d-4c8c-8e52-176710861bbe
52335e01-c149-4c52-88c7-8783dea2688f,588dbc25-2aaf-4806-a616-2f364cd88269
a623c867-332d-4ef6-8e34-e82fa7b5edb6,3fe7625a-66f9-430d-b948-ecc015cdba29
06cd7711-7f89-4948-9ab8-79cda6d83c6f,a07afd91-165e-4be7-8747-f55d995b25be
2807279f-ff8a-4dfb-87f4-68faadf4579a,b7c456d9-7bfa-4146-bf7f-e175ece0e4a4
17bf46bf-3341-4cf2-afe1-ea9dae8ce3cf,d720576a-94d2-40d9-808c-aabc0954b784
86099d82-a6e7-46ef-b7e8-0408ad93ea1d,15530685-5087-4690-b65c-afd2d6fbb996
c087508b-72b9-4b5b-9a84-81a1dad4a253,94317fcc-d060-4ecb-bcad-7bbdd9253497
a2ce7ef6-45cf-4963-a5d7-124c5defbd36,1f631992-f18f-4637-8837-67530ea2d658
574319b2-9588-4b48-91c6-1f873f056e12,b0e8cfb4-2578-47ad-8581-2bb6b70ce7f3
43ff88fe-bc08-4a9d-9a26-f1964e28043f,628d3770-cef5-4f1d-9bd3-d484fd74f034
e9843721-32c0-42db-8048-425788d25eb6,11b0f0f2-d573-4133-8bf2-85f39fcd9801
06df763c-45f5-4222-a68a-583d5068879b,06d5141c-1be9-4b8b-b4af-2d853b88e481
24d5ffba-5d64-4259-9b2c-499772d8cdfe,4cdfc15c-5a15-4ea7-9698-fde4ed780443
ef031f7a-87ee-45b4-bece-03886edf6baa,a3f6ea33-da01-44be-a21c-2974d984c58f
d0b6baad-a11b-4c27-b647-4379a1e966eb,2f1c6779-0c2a-4168-beef-875e4c495378
d3465204-a067-4474-be50-80cac7a52460,2e4eb9e4-2442-473c-b370-45e6dd503651
77d77b28-40be-42b0-be2e-5d9b8960cf9a,f400a4c4-1899-4bb0-b2a3-c0945ba3f1b5
ff0b5084-6ffe-4417-9ca8-a1583d5fac19,7ab88704-b2f0-4058-bb12-fbe707533f59
ec9463b6-6e61-49a7-a6c5-e849bb000a4b,c04d3e89-5cf1-424d-8d58-adee6c9b6d58
7e40e365-995d-4a49-9854-d04cadf17173,95f7cf41-04a1-48f8-9b6e-1f945fc9fc7f
2b7af501-c717-47db-b89e-e8c14febbdb5,6c3a348c-ef40-430c-88a5-046cee08904e
391128ce-5071-4b24-9e43-86a4672b6ec4,72c7a2d7-1e3b-4b90-8eeb-f3dbbf404eb7
25ad5785-d966-49d2-aab9-efcf62f79496,5709b5ab-d697-41ad-bc84-0f090a52b31b
7ec171a8-f0f3-44e3-a0bd-6b6d2a3a2ad8,21e2f4b1-e81e-4532-ad04-7b1d2cbd6cb2
0cca32eb-093c-4fe7-9aaf-5fa12156d336,beeb9a88-eb47-4b57-9719-c4bbaafdb441
b7ebc24f-c7f4-4589-a01b-bafe7d5d72b8,5ef4809f-4996-4ac2-8e32-d69dc9bb32f3
db6e4300-cf8b-4933-bfe4-a07e680d051e,8773e089-ad46-492c-9ae3-eecfdace9f0f
f42d0852-5410-4185-9cf0-9a9e3d22ab13,5f2c4ee4-3a65-47a4-8a6f-eb5e99cfb0bb
1f4760b6-8125-4e62-8409-cbb906ff53d1,11031a31-0bfc-419e-a3c8-f3c8ace9a5bc
b74d118a-0e4e-4a62-b276-a2235abb41c6,bec62da6-08f7-4a04-bd18-9e32d53b9542
862595ba-7279-4251-ae49-772ccc3277df,081f10e5-7ae5-4dcf-b13c-447d66a4e950
d1a958d1-3f5c-4adf-8c94-bb11d2d8f907,bfa88be8-f8b5-426a-b81a-d9c2c7c6a315
ab13c04c-992a-429d-974e-94b633a0794a,6e8b5092-eee7-4b93-ac83-3f2fd84ec43b
1da5ac5c-e647-4ec2-b010-27d636504bba,7371fd24-8404-42d1-87e1-fb4ea6f6bbe9
c00bd83b-0c77-49a8-a4cd-0167bf4a5884,a893c30e-00e6-4e86-8907-01776198144d
05a1d639-a7b0-45c9-94a1-5459f1c37d2b,6d7bec9e-cb99-41f7-a37e-05678f700414
fc626577-bf0c-4e9d-8e6a-70d0c104805d,a59491a9-114d-4ae2-8c2d-2f44d99f0db6
62b55ef3-ee3e-47d1-869e-edf78a0b172a,f9606948-d9d1-4490-9a8e-8ebb6cecbf3a
b768b43c-3da6-423c-87e7-8b99108fefe0,c85a5eb5-ab93-4618-ab83-1283ad8b7b75
efd09a48-cbd1-4a1e-ae73-4f9c16da7710,955365ac-d257-450a-b543-df7c4489b55a
88fccc02-1b27-4ca8-b5a5-f7401b9e1633,772e1378-f14e-4583-b928-6998f2d7757d
a3f72d57-9f14-47cf-b1ed-d45662d75e2e,d41f37a8-104d-4d28-91e0-c2e51954b413
be54b8b1-5215-4fec-b004-66c79073bca3,54c1549c-14c5-409c-8f97-bc35743483ff
a4c3d223-1526-4d9b-ae7f-53ea34bb407e,d707b8b4-a1ff-4ffe-b9b3-23a7b5d4321d
514fccd7-2ca8-4660-af13-244451bc712a,edcae290-0dea-4019-b52c-56577cd6803a
ec84ced7-5fb0-4b62-82cd-26e35ea2d7ac,432042ee-f2f8-493c-8642-3603376a1814
6dab1c26-b6db-4aa2-88d3-a7e35934b49a,f956989f-3148-4a9e-ba66-6b1c8f91d43a
e60b37fb-eba8-4aa2-bd5a-4625f9b73ff6,6cf270ef-77d3-4cf2-a194-2352cfff2641
2c4f84f1-e5c6-4c00-b6cb-2d78fc2e26dd,068467af-a173-4a63-9399-4868088b2f2e
0ea74902-382d-4769-af14-eb82ed2c4489,f554d822-758a-44b0-8dbf-14f368dfdd5c
42f33b75-8039-4f22-842b-ff5ef97730aa,63943e5d-6fad-4d62-88f2-4890e066ebdd
be648cc1-7d93-4a8c-86dc-afcece94a1aa,5860131c-b000-4322-afb6-e60c3721aed3
8792e2db-fdd9-4b5b-8dd5-b58dda4a3064,aaf6754a-3c4b-4753-9723-69b62291aa58
6cb157b3-0e0e-40b1-9141-87f1d488ed82,a22f1a85-eb97-4865-8489-9aa00fda9e14
4cebdb65-5592-4e37-80b2-db6142e43dad,304bc930-d6b3-45dc-8676-8ff7051cc461
59c19a50-c7f2-4bdd-b6d9-b9f332f8550f,e161c79b-1cd3-42aa-8b78-ced97a429dbd
dbce90c7-d54e-4ded-87b0-6cedd6d7ce0e,6665a6a3-d4db-4b5b-bac2-16f798fbca4a
0a001520-fe23-4f65-ad73-db402bb664d5,290868e5-eb33-4a31-8b9f-2ecde9f3b48c
6e7ef0b3-6e49-47e6-9b52-06c9ba3607d5,77dad726-0274-4f99-8611-75e8fc04c2b6
8e72072f-43c6-4ce6-aa60-a254913f7006,a570a651-a1bc-494f-8eaa-02082f68d357
b84823be-8f8b-4cce-b335-5846eae6ad8b,7aba1790-9c01-4119-b413-62e569c4af2a
874646a6-efd9-4fd6-bed8-84307af14652,cba9fdfa-390d-4ac2-bf3e-18df038b2939
5e4a7bad-0234-4313-9b5a-01f30b29428b,7afa387a-d793-43d9-bf4c-a67ec7dfa520
512fe42d-c51b-42a3-9b14-338c0f5a09f2,3b776c34-fe37-4bc5-9423-e98494513dd4
5489e85c-f327-45cb-bf24-cd70acedba50,0b1877ab-1518-426f-8cba-4e4c00a7e816
e9d18113-caff-406d-b8ca-357b7f2670fb,9f80ad3e-21c5-44f6-8017-2e9e7e187d32
358b6f94-3e01-4b10-8575-1bd7e0fef469,de56e230-7abc-4757-83d4-f4e2750e9582
90deb8f2-ddca-430e-939b-3fde7fb5ac5f,f81ae5f9-6aaa-4e66-8981-dbe85ef845a8
1294c5b9-04d8-4984-9184-f973f9ad3e97,58fc38b7-b78b-4b43-9117-9f7e95dd23e9
c73a5fdb-224e-4085-bcaf-50a4abd7ff40,61402c87-a2c8-414a-a667-05c17c87687d
2093621c-f269-4d85-b175-7d3f48dfbae1,3a85529e-bb77-4aa8-9f9a-d231c874d988
7d8b3f43-bd1f-4877-92d0-181a9bda499b,23c05123-d391-4893-8f54-8eb04cd6b4ce
4fcf21a0-5dba-4036-bd34-f25ebe819df6,8a62a7d0-994f-4abe-bdde-abb73f135e18
34d534af-7a0f-456c-b2a6-4a34539dfdfc,8b5545f1-df03-4607-896d-19976dde59d6
da4fcccd-7fd4-4055-b2d3-93e14eb1684d,ddd0f732-ed39-460f-ba77-1ba1d6c85679
7eb1e183-cec0-4561-affa-a0475d427d0b,a9d0e623-a035-4e59-97eb-5bb592232fde
fd4bca91-4135-483f-9c37-7db49977fc86,d2e52d16-d015-46ed-8157-8b93f768ab03
1dafc665-c500-44d6-92d8-e8e2587f450e,5ed7806f-d60f-4ff5-9f0f-0746b5810583
521cd593-7b55-4ff1-9fb0-9fb6cf4a1292,9029c502-b5b6-444d-b247-861bdbefdde7
cbfddc89-b784-490a-96f3-c4fe715519b1,d5fc0193-823d-4051-94fa-2d83606c113e
9656164e-5f8a-4279-a4f3-c0566653bbe0,510d1104-9597-4270-95c6-9e4c04b33724
e86f3690-9505-4cd5-b671-4a1d10e3f65b,b89ee86e-7113-4954-b072-a8b44abe7a8d
c7d2e8e1-db58-4ad2-82c1-bd7e9e512ba1,d2052dc0-34dc-4cd2-8c83-9c3b9940e327
5d6fbd55-b589-421d-bd18-3fa373060e73,d54515cb-51ca-45df-8985-464062ebb3c1
62348b15-28b9-40cb-b63f-edc553114c89,2aaded00-5216-4c75-a613-76549be5f4e8
2d7694df-fc4e-4eed-9b26-30dc0ff473e9,6e2a2e42-bc98-4def-a7ca-547a5abc38ad
c30bb2a4-4d5c-4cee-b2ab-034531a0b708,d596f83a-9894-4ed5-83f9-8f880c75684b
96dd2feb-afc9-489f-9004-32a52ec3a40d,58efe3a3-541e-413b-aefe-76fcaf606857
2855e5d8-6036-422c-bdff-08b595cf981d,785fd383-c5a0-4666-87dd-f3f71bfe03ce
4b14ae27-db55-4319-8dbf-76e7138330aa,eeb4995c-cb3a-496f-a1d9-597705b9ca03
74117d26-2d10-4ce0-a680-20e6c629833d,5ce00afe-8272-421b-8b51-8318767f4c85
6177fca3-dc87-4b6e-beec-d6e4f4edbf1b,3a25ed67-c48b-4d94-afcf-6c251e7a7351
eec89352-d87c-4844-b7e1-3e7ee414ab08,d10c068b-f812-4552-8c6b-d17fbf751d3f
dca64550-98aa-4542-a9ca-4d2384ad67fe,b83f9917-5fad-4999-8c65-86e7360b951c
d1695473-402b-4717-a098-5380b28b58f6,3c340788-8c0b-41c3-b8a3-c514eca0756e
3aa315c5-05d0-4094-aaeb-7faea80cda16,c58d30bc-ccd8-414f-a0fa-4b19a96f7759
4c0cd4f4-09a7-4908-8abf-33bb586a63ba,f3726f7a-0ae9-44b6-8804-864b6055d8a2
a574e7ca-0713-4b74-b8de-37c201825c08,1759e6ca-f4a8-4b6d-94d9-aaf30d9df45c
f12aa856-d1df-4871-ace3-4e39d9013a6c,bda42e66-6ccd-49b7-ba2b-d12a2e95a271
998ce924-b01f-48b4-90f7-b63ed7caa113,3bf8d130-53fb-4846-be52-9956bdd4f22e
d9bbd3da-d653-4e6c-9b5f-c6fd336edb48,f2df22d2-4e38-4890-a91c-f31be848df4c
a49532e0-c9ec-4264-9ee3-fcbce4dff54c,303d5b71-74e9-4be5-9b05-4bf6fbe538a4
f023afc1-597c-4328-a829-ca5528c026a0,a3e40a81-1d81-4b6d-ae00-30bcea4f7714
af893f4f-2d45-4419-b952-7867fe9f240d,b6d572d8-1ff3-4f15-9435-0a8ae0b21e77
456adeae-c155-4caf-95a5-9dce2bc1bfe5,3747efbf-4a11-4deb-9e6d-7e8b9e6f62da
b1681b84-9624-42a7-9b00-3dcebf6c6581,e762b92c-5f14-4f46-ad7b-e6f81fc32eb5
8ca016f9-fb54-4dba-afbd-d200c17a1e60,d607f9ea-c67c-4f43-bd9d-e3171ab00136
093ef981-5aab-4401-a295-c7f4f4dd2a71,91015a94-7561-4dfe-8709-c2e0b1f7dd6e
b8fd082d-e9d3-492f-84e3-d1236076a84d,f04ae3f2-5bb8-4d73-b91e-98c93970bc2a
a415d55e-d3a7-4006-9b4f-b8655175482d,628add25-5e07-41ae-8230-13da16a51219
ac6716e9-aed6-4bed-b9dd-31fb5347c007,d3af4a83-c950-4ebb-b134-942ed7837c71
7e3d946b-6122-478a-8e6d-d0428ab525ab,4d36262c-686c-487d-8bb3-881f0449eb1b
f20e70e8-a23d-4c5b-83af-8d8ceb42c5fa,d0bc446c-5029-4c03-bef0-1d00c3d85207
5b231442-3093-4744-9dbf-3600eb4cd6cc,a6bf7859-4324-4e03-a133-3f98e8c5ad43
6142ef0a-8d00-41f1-bc70-57296ae89fcd,88ca3dd5-13dd-469f-abe7-5ca6a548d5be
690b3130-3d0b-4853-aadc-905fbc349e0d,98f4167f-a37d-4161-b85f-5763d1b12bdb
d7de4a19-787e-431b-8267-77a83f2d2a2f,8f2f5b8d-f7b9-4d55-b2df-3899307fc4cf
e10414e7-63e5-47f7-bd14-857648e29e25,d0ab0085-8c71-4b83-bf51-234a7f834b0d
ebae6fca-18d6-40a7-b837-7e58c82b3a41,2d7f6494-9433-4549-b605-2786d5bdf728
8accdc0a-9e84-4533-8711-675746f790aa,094882ee-5b98-4cdb-a9f7-c82fdca0e916
76eaf67c-5ee6-49de-bd6d-f35d5d3b7c99,e70f3851-561c-487e-82cd-18e24c14a615
4cb71f6a-8c79-451b-b6bf-362d3b644b9a,2cfd7b43-ce30-4f0a-96c4-13ab970bbdf8
59121340-5bac-4628-8829-30a76c6af8ab,a1653a15-4bba-4c3f-b22d-37d70b6f59fa
7eb5bb9c-3916-4a28-a972-124d269ec3eb,8c54fe85-cccb-442d-8f96-7d1f4a0a4ed3
ea06cc59-80dc-48b7-8765-0e3ed70e5b53,80f298ef-6550-4ba3-93f4-e1876f4e15e9
36d68369-99f8-4159-83d9-85a43edb3812,26892bb4-298e-4273-aa94-9c9c391a349d
a06e4a47-ea1a-4767-bd44-8f2cee74d80b,18d00d62-9bc0-44df-a204-f9507fa336c2
81eccc5f-0886-4486-982a-3c4e7715d6c9,04f22382-631f-498e-a90b-37699238aa00
7fd33736-f2e8-4f2a-b9f9-c6b4ab6f57be,0ce2e638-fac0-4ff9-b631-4d75ab39aa4c
7192d662-18b9-4bea-96ce-0c0645ab7b7a,8886b6cc-a681-48d4-b828-53f051cc6cac
2604c867-8731-4458-916c-425adc8adf03,28e5d7bb-880d-4ebd-99a0-a86c67424126
1fac5f28-57d9-4513-8f3e-23b976ea9d42,b46ed794-e708-4de9-9f44-e8c1912f10ce
f155a51a-c0ae-4490-91ae-aabb489019a6,179d81d5-79e0-444b-9f59-bd3a04d49dfa
27e1d31f-575d-418e-bbe0-dfabc0ba3442,fd34e4a7-be88-46fa-a3d0-40c1282f7172
aa4cc4db-4e05-485b-8f94-882687f1db82,8b78e6be-19b7-42c5-9be0-f3e929a8df35
1d3ac55b-bfb3-472a-9a91-d89b5c848e0b,25328c53-bd0e-4afb-9943-286356eb2196
e974269c-db11-4a58-8b7b-8da79df87828,31ac5fa2-9fb3-45b5-895b-1ba23bc782c5
d4896503-97e6-495c-90e3-0d455c7f1f46,f8666d4e-bfc1-4899-b52d-5e7df40751ee
9251cb0d-7ff0-4f2e-bb8f-10876d46c3b4,df7201cf-9919-43c7-81e5-f1fb3cf9ac3d
80bd0ba6-416b-4377-984c-34759835c7cc,0739e157-9803-4dfc-bb24-56f528565fb0
8957b15d-e6e0-49f0-add1-9116e29f9c98,404fb8ce-962c-48cc-9a91-a518c170b762
20506438-5cba-49f2-b8c6-75ef0970ea8a,9834c9e1-8844-4bb2-8a98-9235b5710888
3b6215eb-fe27-4a24-871e-f9519db367b9,e15d67e7-9bbb-4451-bff9-5c4d47ea859e
3bb8b2e2-4093-4b68-b181-986a6cda0dcd,b956e3fd-9e48-4e1d-8897-5fb69a5ad7ab
26e3ba2c-941e-4d06-89f9-fa08a628bd25,16e351ac-5141-4456-b218-f4e9d4abd215
71a043ed-f29c-4e80-9ab7-ee3965cf2b09,67cb4951-5e16-4db6-b50f-cf4fd4d7c99b
4cfecaf9-f23c-469a-9381-06871dfac61a,e5aeb1e0-9cc7-4d34-a11a-92a5213c28ef
2b5be8bf-ec76-4c6e-84f1-73737376689a,9176c3c7-0432-4116-ad33-ce0a25e89cdb
065c585a-9958-4c45-9d0a-1b5b87333ef8,9bcb6fdd-4e9a-460b-9b48-a70412596623
2fd4d98e-d88c-43ef-a8a5-a1fd82b9fd6f,6eca8bef-d532-41a2-a463-6df9290da961
41d14cfc-6cc0-4430-b13c-4549dbc03f76,08d45ee7-97a7-4cbf-9cc6-ec396f8e28f6
04e11e50-3d1d-4ca9-886f-801458f39d1f,195a51ea-ad91-4f0f-8929-8e4e03260d13
020fb97f-3a8c-49d9-9ada-b6f591c87c97,dc44aecb-7699-4ba9-975b-481c3d6e67e7
ed07af43-68fd-4252-b920-d970b05c7692,e8fab526-14a2-4df5-9114-4586a406a473
42ab398e-995b-4367-bc16-f968c2cb907a,7c8306fb-3c4f-40cf-9784-1374a9baeddb
fad22044-ac9c-4529-a513-d4ae334d406a,3e755b44-73ed-44f9-8334-b35bdc806f31
b7c1f45b-8bc0-4d9b-9786-705b13cdb633,5c1e294e-26ef-4c48-a2ac-a683a09f813d
e22a8702-3481-466a-9419-dd6e5909e5e2,63bd03b2-0038-4032-8968-8fa10fd3ef61
e7cd0cbd-6a43-46bb-84a4-85ba54798fb7,857cb7f8-3e1c-41a4-adbd-950b85a5416c
1a37bfb9-6436-462f-9f78-883f74676c5e,2ade9cda-fdc2-43b2-a6d8-c961e8acb6fe
8667c88f-c472-4c19-bad2-238767366b14,c7a09847-7adc-4f39-ba56-17b849eda4e4
e49fafbd-808c-47e4-8f69-409b53f050d4,df31f5fc-456e-48af-86b6-13222b80f5a8
7670a58b-41db-4c09-beb1-616e63c2fc48,b8f5e173-ee6e-413a-bb35-4acbcb2b3846
3f239da0-36ec-4628-8077-b0ffffd3cc44,d74116e8-cc96-4ad5-af87-a0e333772c9f
82537306-b0af-4662-9995-4d1e08df94fb,1a7da753-959d-4031-a63a-a0d310edf408
dbf448cd-ddcf-49b3-9512-fc3ca34f2560,fe2bb560-9dab-42a7-8345-cd33d7508dab
fd4cc71f-f979-4f17-9ed9-aae8e016a37a,d6bb68d1-8c5a-4fdf-99ea-0d725d14f6af
b5e12440-d21f-4b32-91fa-4bca7884d6a9,2ae3e4b2-ab12-4ce9-a36a-c20dff991258
978c5b50-12f4-401a-b4e3-48df61964f35,c12e5028-a0c9-4e4b-8d43-8b2bf508cae7
a3799271-8e5e-4a8b-9604-ee17b72e961d,db6e513b-de2c-4c4d-a079-5bc0fbc9de10
3ddd44c8-97a7-4dab-be9e-d7fa8db582a2,9088281f-1fb8-45ff-890e-f1c5b32ce19a
c9710711-069f-4b9f-aa6f-6ce3bdbb4304,6a4aef4b-1a68-4ba3-8c35-880b328d1aad
5972a012-080d-4c0e-8ad9-bf293bbcc721,8e23d0fa-b504-42df-8862-6c7225dca7a8
d1809d51-82b5-4fd6-92c5-3eb1558ece05,b3b510a2-6c16-4216-92c6-c10e4fdbb7d4
e79cf9c1-0cbc-4b12-a4f8-3b29c14fcee1,d5732a42-e2d9-426e-8d50-5333b923e21a
7441f635-fa63-4b06-b4ef-c1d64e96f670,61556bb7-206b-4e72-a462-99ed13dd0224
cc336f5a-c550-4f22-9d61-5f748043b300,6da2bcee-f1cd-4f0f-b846-f24ac56afb2e
79867b17-e56c-4c79-81dc-c7968808f0fd,810a5184-0d0c-4cc2-b83d-c017a92e797b
0e5093df-7aea-4dcb-af88-4e31d3f0dfa9,e13a7176-26e5-4f4a-b25b-6082339ada63
d61b50d3-b733-4ee1-bedf-668eb3c897f7,59631732-ed9d-4240-ba6c-95954848d428
4034e476-934a-4e6d-93d3-811085d44792,311973ba-46f0-4e27-a624-e04c71ea7988
d65d7d35-47a9-4fc0-abf5-17a9ce722658,da5a16c2-4f12-46e2-8be8-11c58495a3f4
fb72c6b1-ad85-4a99-a3bd-1cd7876d5988,89398f1c-39d9-4810-aeed-29f4b2f684b4
7351eaab-2e03-428f-9820-9cad73ff4e8b,a56f5a6a-c0b2-4b21-83f9-c91d87f0e4e4
43820c7b-e02c-4596-b43d-5c3823adf1af,c603e15f-ed3d-4d80-8937-5ce2b6fc0560
edfb1c13-f87c-45c3-8ef0-16c93ee40944,e89a2153-3958-4bdf-80be-e6ef84cd81a0
676daa6d-cae9-473c-939c-c0a770d93650,c0ecdeed-71ed-4a5c-8eb3-f437e36b094d
a415d1d5-586b-48ff-963b-3419dfb094cf,9ce87f88-6e0b-4c88-bc2c-eae7cbe7416e
9bbd5405-3a1a-4a50-9261-48f1edd61387,40509353-3522-4b82-be44-1d4ac8f10645
b4aca004-de04-463b-859d-3c9bb67faf17,12c0d7b2-e8e8-42b6-a739-d2216c5e10ae
3c8d266e-084c-496e-825f-cf52f9ced33f,6fdac60c-5c9c-46eb-b32f-6cca5d511ed0
8954dab3-3d6d-4716-a469-e0d54538cfba,b3110563-4f29-4ece-8c6a-42f89be5314e
bbc4a9f2-75fb-4496-9e02-671f9bae7eb6,0c60b17d-7a3b-4971-b6aa-c5001670f053
7b91b53b-596b-4d93-9349-629a213ee7b8,d6caf6c6-957a-4124-badd-3a7b4db23608
a91f79e0-df01-4aa1-b0e4-50f284c6ecae,020b8371-9ed0-4efd-a56c-bc913ce0ab03
d0892fa1-8290-47d1-9254-cff82a665700,6707430d-508e-4889-a578-2d9888b81bd2
4fd97c92-8792-49b3-822a-33d5f738e3e3,f563d4c6-aca3-48ca-ab58-2293a3df8828
3dcc0483-8a8e-49ec-98c4-030800679fe8,d6bcd715-9ad9-4fdb-904d-a8ef6df8446b
ed3c7b03-c4b8-479d-acec-ac01ee617cbc,0159b971-a614-4631-9bda-c60dd0b0d2f4
0f2e7c88-a5a6-4b23-83c1-4660fa24302f,4ff02b26-679e-4d7e-8a53-9e8d609d2b47
7f1b5c2f-af2f-4541-8a85-ce2b3cc2c16b,197a595c-783e-40b3-974d-e1c4e2f3e2f1
e4d16d57-7116-429a-b9f9-8e6d88beb358,982ccc0e-15ae-435e-b1fe-2bf9a8a62794
ec4dd449-fbc4-4b41-ba97-16fc6e8d4b32,501252a0-2710-488d-8ba8-62d400ad3e32
1a5931ec-6f05-460e-b3ce-73c3ba63f510,c93f01f3-ff9b-424f-b69f-ba4338753a54
c8df6f04-dcfa-4de3-8186-3e6721db2be6,a080a655-ca4e-4e41-8450-ca5247edc766
d93e53b1-a9f5-4548-9c0d-cbdb2f250733,5e6bc45d-4727-40ad-bbb9-0578190eaf22
92fe573a-991c-4326-918f-b955b9c9b3af,906ccf22-62c5-48b2-9ea6-054ef0300007
c120190b-bbd0-48d2-8e31-c38b61f72f5f,4174850e-e8af-415c-9e53-4e1668c5d8f7
187bbc02-cff3-4d03-9d17-6a2af661335b,890e17dd-89f4-4e1d-bafb-fd95bdc83b7a
ef78c564-0b7d-4521-bed6-7ddf354d1896,54cc2f8e-6b9a-4865-991d-592b675fd749
4c4278de-4dd1-4b7f-b147-f1ec49d86f50,266e4647-6e7d-4ca7-9839-9af292f1e355
477aa171-3c8c-44eb-97f6-1f0aa05e1b96,beb39d0f-a579-45d1-80ed-30a3064f60d5
a3922b5d-d486-4424-8dde-8153b98794e4,cc762208-4f98-4931-aa0d-3556278c61e3
b2ebac6b-2073-4e43-9516-0f0db115fb44,ae026b63-2e6f-4697-99b9-563f3601142f
9a713c28-f2d6-4444-a0f3-f3bd321ff2b6,fdd9d5c5-69db-45f7-82ed-c3b92a3ca270
6d38e247-d90f-4bbd-943b-be55e52f76dc,0f00dd38-f217-4b91-b95b-63fa67b1765a
6206718c-d55a-4e5a-becd-609e349ec3df,ee429c67-1ad1-4b5f-a134-d9ce13c540c5
6ba77da1-c21c-4b49-9553-1267513eb9e4,956b9795-932c-4b90-8b23-03ed52b7d932
cb65ce9f-12eb-4e29-a685-76c916631c9b,85089f15-6b9f-42ea-88e9-64d088c9b325
8bb89e41-b337-4e2e-99e3-a26184102610,b9680a34-7b2c-4244-8b7c-d9af8f7d0428
7158223d-dda4-49b9-b3e2-43b97869943a,5daea93e-2e9a-4de5-83a9-fab63d581bab
294db5c1-bc3c-4702-a562-3d1bbf464621,b7a6b70b-2cc3-40da-ab73-cff9f7d55e3f
082f55c3-e90b-4e74-813e-b1653da02bba,fde01e9c-a4c8-4bd6-9a15-fcbbcffce8a9
c607cfc6-4401-494d-9555-a1e1c9cf2835,d6ae35e1-597f-49c4-82fa-3acfc5a8e84e
b969b9d1-197e-437a-ace5-5983efa45589,33dacbef-82da-42a1-a291-15c690ae5325
e48a038f-8bb4-4134-a230-b6cfd060844c,612c22bd-936b-4fce-902b-b4ca56d65503
3c5fb5e6-d3da-474f-bc1d-4807b142dafa,f4d2f82d-05ae-448d-bd27-03347cd5305d
51073c6c-32f5-4273-a652-9bb969a1c79b,57444561-724c-4ce0-9137-575345eeeb36
efe42899-ab90-47f8-91bb-ee989160505e,4390abee-51ad-467c-a34e-5dcb0a793f23
3ea1a6d2-48dc-46d5-a11d-6e6c1b412fe3,987d7f24-1909-46ce-b9ab-217567ab595f
ba7a0207-f161-428e-bb98-07208f4dacc5,a36f5ecb-d861-477c-aca8-766aeacb56a9
7c1ad0b9-64e6-427e-9e06-d55dbea729af,e1eb9732-d2d2-49b1-b084-872a8c11380e
844e1e70-e593-4c6a-84fd-77a319179baa,b2318025-8c1a-4d2d-a9f9-408cdc3b1b82
b8bc0aa2-b81a-4af1-a995-c7fa4aba0d67,147cd8a8-adf5-4e3f-b9d9-df5492c336bd
c3de4f53-a2b7-499f-b986-0623457dfba2,5a4d8b5c-c16b-485a-bec7-3c90246d76f0
93931195-59a0-4b0d-a7ef-59d5afb386f0,65de779f-b665-4c8b-861d-20b783406bf5
13684835-3676-4460-ae7d-53117369eafa,7a15ceec-11b3-4bdd-a054-d1caa0cef357
fcf3f480-6c3f-4fae-8d22-ae5e987e6605,45f26fbd-754b-4c18-8008-ef1a7b9f6a07
e6e4221a-29c4-4914-8373-b9f182140533,9bca19fb-a5e7-4398-a03b-dd5d1e39ea19
bc26bc00-bbca-4d74-aa2d-eb498bd21313,f4d6d62d-d565-4b4c-898d-ab2becf88619
7b26729d-d2a1-4dec-bb5e-d58b16360195,1d2358ca-f7fe-4a21-8d30-ce483062e377
962783b4-a46c-4420-b7fc-3c09b487cb6c,dbdb6cb8-de9d-42f7-9dd4-cb983462a499
3eb8d266-8047-46a7-b2f1-4ea2420b1cec,293105d8-b015-4502-967a-45b1e9c1b5c9
4497bd3b-4b25-45b8-9bf1-c5c629a9a7a1,63a4a7f6-c5c3-49bd-b086-9378a0fde35b
f35107f4-6c29-4a60-9efa-7724a93678fd,f526f563-0997-46a2-b8bd-19127f60ea7c
d13acb21-a090-455c-b84f-120d937335c0,b62ee5b8-a94a-4610-846c-5a2c7f4f083f
c0a7b261-e5ad-494b-8122-7f88187f821e,ad3d46c7-29ad-425f-b9ee-b5a2020abd83
ee7fb35f-2765-4dd7-b026-19e6fdc90cf3,259cc3f0-b75c-4d62-bde0-6b4a47e085a3
30516be7-b4e7-43d5-b9bf-5b589409b780,54a60e31-c4ef-4f5f-b3db-a6aed433cc56
7a1bd086-7475-4270-b387-bfe29789e8f0,0f935e29-efd1-414a-8492-0a6d856f08b0
999214ab-c4b8-485f-80cf-1b3c3a0e33ff,dc17838b-c929-4856-86a1-251883dcaf17
6c067c17-f926-446f-88a8-8220ed99b1c3,ebc2b232-42f0-4053-81fc-0ef384701992
d96bb51c-5859-4561-aa55-9ec18cbeb3aa,35efad49-6915-4409-b6ab-9e5ad019b4ac
e631399a-05f8-46c9-a8ad-847b5aa172e5,5fd51e77-9bb4-48e4-b150-4597df01e6c4
28f9354c-a765-4b7c-b6ba-f7dd7be1889b,7130dc4a-00f9-4d1c-be1c-868d60a697a6
8d4ce1d1-9631-4865-be3b-81a99e270a6e,36f16a23-e1b6-43d1-8384-87e856cd6094
a46c3a16-b45c-4763-8f49-5299dc7cef4d,51da1cd0-1760-468b-bef8-531b9805c3d4
83493cf4-4884-4c79-abfc-7fd214394a1f,13492f84-1cdf-465a-a375-7bb800dc855f
55411996-036d-4bd0-8333-3cdb51df58e5,a70b01fd-a557-42b8-ba38-6524a5dc5c4f
aef03167-90e1-4aa1-a05b-f5d2ea8bd57a,ebde7758-c852-47c1-b429-4caf963de1b5
46ddaa4a-b188-416d-80f0-a3cdcb4d8453,5e7ec142-2e93-47cf-a6af-465bdcbff1c4
5d139026-191d-4f1e-9c21-5ec084814dcf,226f3ee3-693f-4ab7-a7d3-8ff70604c37d
72bc362d-5f37-45f2-90ce-dbdc64cdf875,e737a46b-b8b8-4d42-a16f-e5b409bcaac3
1bbbd3ab-b3af-4e98-8497-de2bccf95183,85c157a7-7d9b-4cb9-b869-324bac1f1bda
fb2d0cf7-0377-439f-bf91-14f5e0a4637b,984ee929-0ec9-4b67-9bc1-b7cb67477c48
1a0be616-676c-46e6-a027-d16d3750d68f,a858ce0e-2bf9-47ef-b5a5-885bca12ef13
3c04ff30-85db-4d1a-a9a3-7e51ccf7f058,edc744e4-3153-47d0-ad8c-31d0c4515c39
9d74f000-26f2-48cd-bf29-34b265fbedfa,8719e19a-555d-49a4-a5af-42a5f6ecc64b
48b426b9-be59-4613-81fa-9f921769e280,b104737c-e639-4d75-86c2-f450e5832197
1a843ab7-4907-4d5e-81a9-3f36894c1477,f5dd0e57-5193-444a-bb36-d0e47ddb5c09
6a4ae5f5-7fb7-4095-bad5-74657fd92003,fc947c37-846d-42e1-81ef-79be3cfec0e9
45045c80-b3b1-4dbd-aa9a-d744b65aa513,3b150d53-eff8-4362-be9c-66ff3766f516
ba60d649-ba59-4424-8790-bc34433f1182,73404280-090f-41c0-9023-c697c8a80ac7
d979b22e-6876-4258-8f5b-76ce8c6f0aa6,f12671d8-a2bb-44ff-9bb9-66374f2e29d8
70e84599-a293-4d59-bdf5-9f3b244e5888,dd053236-28f5-49c8-ae7b-581486f070f8
fdd0e672-acc7-49c3-a7df-6689e96c764e,d8f88135-f159-41af-9157-33c94123a152
e4db13f8-c8b8-40d9-b829-889485092c94,98b8dd6f-3966-4a5b-8261-aac9a8ce1b2b
2a49564d-c1db-4f95-95ad-224b5581e1a4,327e62b6-972c-4c6e-8e83-8dc8e4f5b761
d3169d39-5825-40e7-80ca-c8920cc6483e,93dcc707-36c6-498f-baca-0edaf233a2f6
d1f0d8ee-7c2f-49f5-a54c-572f2fae3da7,eaf93f51-2e62-4a12-93da-331f9b2f20bf
88a08408-d8d7-47d1-9f57-87a7cba9615d,fe2cea4f-a1b2-499c-9ddd-957ff9a56bbd
6824e381-8ae7-41a0-be0b-fd820e67bfcb,5bcfbfb4-71d4-4e53-ae12-f71b7f9069b0
ea02b090-687e-4e61-baba-c3f1e66086ed,bed71f92-7d14-4009-9147-cae8e55bb172
070124f8-2fb1-46f8-be16-34a25187b1ac,1430d785-b8e5-4b2f-b0e2-fd15e7007512
e4bc00d1-2f96-4a46-8b1a-50b63bdab1cc,7265a7cd-db91-419f-b268-7d4a449547ed
c967c449-04ad-4848-be88-dea125ed3ab5,9a2d2ab6-489e-44e4-9650-d7f1b9b483f0
5a33fef5-7a46-4f9d-ba66-8c9afbc597c5,5165bc9c-3f0a-4b5f-8d64-11bd28c816f9
eedab760-1819-4f97-aa94-7b9eb7e080fa,d79aca8b-be12-4b24-b614-2cad18e08c86
24901cfa-3ead-44ff-8fa2-302f308a3f29,02424bf9-094d-45f1-a735-9a02fe80e425
5b6eca16-5001-4802-b976-2380f57f26f4,76480e66-df2e-403f-bb9e-da17b970cd69
fc27ffb8-5fa5-40ef-bd38-7cc4092e3a36,c9be210c-d16a-40a3-98d7-2dc52c75e060
d26c3597-9066-474f-b905-d8945f10648a,c8bf12fe-f553-4092-8ca7-c863212a0442
8d6474fe-5904-42da-a54d-874c2494ead9,07a1d05d-85f0-418b-af4b-3b9ad808e8c6
4f236050-af07-4486-a768-96b39490a25e,42add961-87fa-46e9-a511-3eef330b3c24
8fdb9bad-1ee3-4f3c-8eb1-53368adf3307,8c0b5c5f-0c40-481d-a585-e90ddde4be1e
932e28c1-e9d7-4b82-86f0-9020a2798532,20c1cf79-b499-460f-aa87-8a7c9fdb818e
fda849ab-7dbd-4118-b3f2-dd3c13e77bb7,e924ad5d-8166-4d8c-a050-30e2f770779e
ac1ef51e-dc22-40d8-9e34-6f020cb0f3ab,8da5848f-7eac-4b03-8b31-4a519492f8e1
54ffc19a-df80-468f-8ba3-50b9c3be817c,5dd276bc-be7c-4074-b2e8-2904b054700d
50e4cc08-e134-433c-ad7a-831b01b0e99f,bfbd9606-79d6-48a3-a441-afe4706cb72d
3b950a53-8bca-476c-93f5-0ba370d65c54,2222b17b-4bbf-487a-8569-683295fb61fc
f918c692-e6db-43c1-b4ef-0463b43364f1,4aa75172-34f7-4612-9c17-1dcf58125698
f0d0a3fc-8e4a-4b5d-a0c3-e1d27fb7a3df,850c1ba0-6a16-4eff-a307-70c90d38ba06
68bef1cb-b821-4c13-947f-0c7619bdd736,bd675360-0a8a-475c-aaaf-aa0a85669866
689a3735-03ba-4a93-89a3-57982722db61,89317d7a-50c3-47ce-ba81-511a79228ff4
ac8d6711-1ac4-4d43-a4af-e5977e82a7af,8c4bbaad-61b1-4e63-9d87-51aef8330225
07e3504a-318c-421b-b6cf-871acbd0be4a,ead97d72-ea65-4cee-bd06-6bd31333f204
02f71116-1e65-4a61-bee7-999d63b4a11f,47cec063-cebd-441b-b587-886447daca89
13b6ff14-1ee1-4795-bbf4-4734277b1f86,a3182c13-789c-4adc-ae66-3a677a637969
c8cec0d5-da1d-45f5-b0d9-4faa5f44e1db,850732eb-ffb8-479b-83a2-b38ede23714b
f7fd84b5-aa1e-4b78-8417-2188e4ddbf11,55d3baa8-7bb2-4964-bf80-b872ae4a5137
cef56ed8-1356-42bf-85cf-09931851426b,c18333c3-77e4-4430-8f14-3d34a2deff8b
a187dccb-4c1a-4a03-a87f-6549ea44d01d,5e343a63-eea5-4d2a-8e7c-992ef5c013e7
7beb683e-fb6c-49f7-8c8f-e2b6d6ecec4b,04e17c5d-1140-4a91-bb4b-fc3ec9026041
8e23c299-21f3-46bb-8603-a5175753afb7,f028a28a-a409-4bc9-b5f0-9200b5861afc
29d3f482-1bc8-4f55-aac0-c1a5e0061185,17d976b1-c6f1-4c76-940c-f3ff30327070
1e355173-a952-4043-989c-5f9cb4c317b5,35b57029-68fa-4943-baa5-c9509cbf449d
fec9b010-e212-4a99-80be-9f43e0d616d9,083da52a-1dcd-461f-91a4-0b90068339b6
8eaa262c-beeb-4137-8f51-21e8d7e81558,8f3098d2-89b1-493a-8c63-d735ad45665d
29bdda16-0143-4650-afed-6d38efeee563,e737d559-2970-4941-8eb1-5719ec67d25a
ec1427c2-df44-48d0-b818-29e377b00e9f,0c79a442-5e47-4d21-a437-a4b61f215e4b
7f236149-ebd9-4969-8469-97da89efff9d,d442ef27-e101-4cf6-9a68-21646c83c7f8
e0c12b44-ae1e-48f9-82ac-70ac3a1b6570,f1723998-dee0-40cb-9a22-ca890df61b86
827edc53-3837-4d2a-a38e-302104746da1,9ae69ec1-ebad-4366-a1eb-e333d7f9b91f
dde8763a-ccbf-459d-9369-b0ae33444f5b,c7ef19bb-3fd1-44c0-bd8a-374338d7c01f
b902bf8b-4954-476b-b2a8-4c312ccb5d1b,01152747-c1c2-4664-a381-7a1508b32861
4d7087aa-1690-47f4-afbe-b66d06dae21e,0c94e1e8-af1f-4f4f-b1c3-2fbe1a28fe20
9c1b2ae1-6466-4542-b208-5fe74be79790,a3e183bf-c92d-4f2a-9a1c-849d1f99032e
58918e82-f542-4e79-ac93-88a8d2ff85a3,a1429b56-b524-4083-b0f7-5f8cce33d753
0e2feeca-8a28-48d1-b90c-a9c7d0d77ba3,b3c5ae27-0f5d-429b-a414-aec9a9d62b37
b92ce9bf-173c-4892-a800-7fd4e0318c49,b4431ed0-2d1e-4746-a881-ca9eb0c7fca4
c8e8c281-61bc-4d2f-bba7-80960f0d33cf,b3061527-23a7-47e4-aa9b-09c0e0dd1dab
1699f7de-d2be-4ed9-88a9-c8bc6da50636,5fa6a786-c9d5-4f13-b2dd-d051c118b2d0
35c225a1-7523-4daa-a425-07caf3430ce8,d5cd7dba-fabf-4e2a-8b9d-069a1f25de67
80f4ab4c-c954-40de-a40f-f67f04673019,a94726b3-0e40-4f02-a4fb-14b736d1532a
fe254da9-b752-4a3c-bbea-8e69a1f1a6d3,c6992f39-a718-4e1c-bacd-846273583a2f
89677b23-6a09-4425-ae34-7cc98c4f9669,2396609c-254b-461c-8373-37d0fb74ed03
6d84275a-4f56-4294-8a85-a2cf125b49c5,57f88783-79a4-4993-8404-61f007ad2676
be412c4c-7322-4397-b07c-0b95ba5e412b,4c5f9789-eff3-4bd0-8ee7-977ae89f9296
5eb6a0bc-abca-40f0-a8de-ec831c1da61c,14c3da95-0899-437f-861c-1aa575cd449d
f7654c3d-21fe-44af-a2e4-adb7564d7b3a,90668428-f159-4d91-8a91-8fce91e66ddd
5aa135a9-f6e6-4646-ad7f-1b33b961c161,d07534ee-066d-4491-9668-8d4cb69a3e7a
57d5cbfe-4daa-4692-a2f8-a1eceab64fda,f292e6b2-5b0a-4654-86c8-7bb355062eb6
1226d7e6-2a83-4898-a5cb-e6d61210eddc,ea8831f4-66e9-49e2-af6a-a408c3ddfe76
3c55cfbf-0a06-492a-b929-49d2d2899455,2e32c734-1a8c-4f95-9bd0-556ff52a862e
9ce92a39-84d1-4e8a-9282-ab5c9ea4ece7,0fddfc60-bdfa-4c98-bf4b-398739b6cf6f
8086ef81-b203-4ec3-994b-792e9ee815f3,6fd35a54-71b3-48d9-a9c1-d93409069386
2d1b296d-8a44-462b-80e4-2b631817d75e,8dd0de11-1444-4234-adba-360d89d090ba
29a42a5d-50d8-4fc4-b086-64c137532b09,6050133e-a6bc-4653-81a1-eb8df51e4d2e
e6e53121-997b-421b-841c-698d1e35b9bc,09dd94b2-08c5-4c84-b01e-4d8c723c31c5
90aa55f7-949e-43b1-ac65-6b0b32fdc362,7bf05c7b-c64d-4279-ab46-3f85659da0be
7a08b0ce-67c7-4f82-872f-4ed8522844cd,7c1c0421-1ea6-4f06-8d3b-9296822172be
80e4dc6b-3c33-4dcc-8bfe-ae8e4dd297e5,91b1ca36-fd35-4848-abf3-f3c71f543950
9b57b3bf-a8a1-4431-9967-d72e76370781,56af9518-4e52-4ea2-b277-02bb92f8c08f
c7f94b6c-aaa7-43fd-a099-5e254bf1e952,def62e7d-0ef6-4692-ad6e-899c09d1d9c3
7e0bf246-6669-47c3-abc2-495f8fe34a96,1f1c6cd0-0c17-40fd-90e3-700eb5767486
f5442f1f-39ac-4b5f-8f5d-2bb06fcd5ab0,02fe245d-e5ce-4627-9487-e97dd4dc402e
76c42f09-05e0-4cf2-8d36-a309b38eabbf,21c1d38f-b0e7-4ba3-83c1-03714f227ee2
6564adda-6f6e-4d7a-9227-82066b02d55d,35893ccd-2c0f-47cf-a9af-0f7a9a786a1e
bdeaca07-c56c-472e-8ba0-e13bb8647581,e4a951fc-eb24-4a41-85ac-342076fba796
c1e74ae0-e0df-4829-97df-c53c8400e6eb,aebdfbd2-9f39-4c62-9908-2f94ee85ccd0
cf22ec4a-fccb-4faf-a952-8feb36f2976c,dfe38311-2ddd-4de0-8347-505cc5590493
98a3cccd-0ba8-4597-8ede-eff590f29c65,e57766c5-556f-4469-89cc-9beadc926b4c
a727699d-d6f8-4da0-a267-7c783927a9b7,63cce01e-5323-45f6-8998-0665d3e77c1d
f91f39db-cc29-4afc-b6e1-cb1754921919,8c1dade9-ec94-4d59-b75c-3b7825c8f676
99b619ba-0617-4955-b91e-1cd433428b49,2c09e628-a9fe-4e2b-a545-b31837cc6fce
a2544ec4-04f2-48f1-848e-ad0f240f914f,013ed90a-5df4-4053-8146-4ed736ced386
9c83e300-c592-49c3-9143-713f0172a59c,3bc7bcf1-8506-47ed-a7df-25f6f05f2977
8e40cc6b-fc27-4026-b609-52b20a253679,b3131126-ac83-48f3-921d-25b3ee6b5695
c24d99d6-5cb0-43b2-91c3-e9e886bead26,9e4f8c9a-cd71-4566-bd5f-bf46b566d2ab
70bc5447-7488-4667-b76b-ebb4405ebcbb,da0cd2db-d528-4714-991c-773db6bd84a6
a5b3778a-1c80-4a06-9edc-9e87dcaadaaa,0c52afbd-bd19-4cbd-b063-5e0f339583c5
9489fa9d-a3fc-4e07-8353-8a160a6bf36d,177c213c-ffcf-42de-a94a-60ad8e4fe3f0
ee8a78d0-812b-46f1-9a63-c773b97e8984,120cd12e-d122-4449-a6cf-bd0752bba418
24675ed7-4078-4a0f-a89a-ae1c28ba0a5c,cd79f7dd-1ba2-48db-8700-515d05d55e73
0a977139-25c7-4256-9b38-82585ee2c489,8e52a5ee-7121-4662-a720-7b57250e72ff
db662a2f-09b1-4fd5-8ac9-9218be713492,e03a2fbe-a070-4947-951e-118571914b6c
f79351d0-7705-4442-9bd6-921e858e8985,35956021-5ad2-43c8-88b6-2cccfd084af2
85e00790-4f04-44d0-8bc6-70478f5e3152,29380a19-53e1-473e-a0d3-a323e9577e59
abb49510-c814-46a6-aedc-d2961bdfe7f9,1237d285-96bd-4da7-894c-10b54dbcf67f
583869aa-a216-4ed4-9c6e-4d9ff9ff5912,6dbcb44d-4134-4ba1-b132-ad893e04b5b3
593fb1d2-779e-4e79-a1b6-898570764a27,a48ad744-3319-43bd-8106-7aa0d23cf91b
49bf82ab-ba36-48c1-a282-2619f90f78ad,ecaa1ed8-c4b8-4bd6-b36e-f0b5edd51a05
767c7c81-dea6-40c7-b402-ef7044ee2aa5,8a9c31f3-08f8-4dd6-8ab7-026a8ab10b5f
882ca066-ac81-40c2-bf73-d1d689b62ec6,c38109d1-ec86-4f7c-a065-2f5a2f8d80ed
2fb68e06-b7de-45bb-969e-2f4515e3d533,250ef080-7954-4ccb-9ddb-572514025afe
748d4853-edce-46c9-9f89-1d31ceb3bc20,209a6557-a981-4e30-b046-328515c579b3
69f24d9a-1e9d-49f5-95b6-3c74fd920ad1,83e5e09b-ec70-45c5-8639-336fb056d674
19acb56d-ad55-4918-9f6e-a6832127ebea,66cd7438-4a04-43c4-a812-e1df1bb20e29
77cfa32b-d905-459b-974d-b5e3883b8854,0c7e70f1-484c-4083-897c-6b230d04d9e1
54104710-23e6-4372-beaa-749c204e5443,8b71e75b-5db4-4168-8e63-e8a8beae185a
aa3ba1f4-d40d-4ecf-873d-2108e8a0dc7f,2692e5d7-be36-4ed8-a7d0-26363b2fc74f
d4c13153-9aff-4705-8f58-34ae7b31f43c,7f196866-9b89-48e6-9d2a-f7f7c6e90225
a7451477-7aed-421e-a65c-33e8dbcf9482,f2ecd730-e126-4666-8398-cfffce2c0e31
adf8874f-3753-4497-8675-4ead9fa59d2d,3bea5575-496a-4d1e-a39c-dfdb4ed7cbea
50e6545e-2a07-4bf3-9eb3-5db824b02a03,8d14bfc3-99bd-45cf-920b-303edb0e8fcf
348eb0ea-06e6-4f8a-acdb-b7e4158795f3,4849ce5e-317f-4a2c-b63c-cad90346c699
d03aded6-9ce7-4821-91ee-6e321e02617a,f59a59e4-8476-45e0-b71e-43c1fae25e97
c9b3ed44-a408-4465-babd-dd561926a5a6,94a3b128-fda7-4b19-83bc-b016add6eb83
b68bab98-2c79-4c98-811f-2cc87d3cfb6e,996dc8a7-54fe-405a-bdf4-4c04a291e766
c3ae832a-07d7-4897-8935-b1e073571b9d,24300eba-1703-49fd-8ecf-8629c4ba95f0
e7241dc9-5c93-4f0e-a533-03bc3537ed0e,3702e54b-ce63-4ba4-91a6-82ff37df0052
da53140e-854d-4e84-a093-729df164f6ed,295873df-a8f3-4c3f-90fb-a9f57ebe9f59
89dfc201-3f07-4df0-96dc-3c7864643800,ef37ca7f-285b-4dbd-875a-4d0ddbf5c64d
f4a414c2-9cd9-478b-a62a-b0b49d8c927c,d1c7644d-5bc8-48dd-a6d2-e4359a955d53
f5866ec0-0a35-4e19-a8de-60791f1f2955,ed0eaea1-7a18-4f60-86f6-941cc2c8a09c
4a4a4c24-7f97-40fd-a4db-a640cb3e7be2,ef95ce5f-62df-47df-8b52-dbcefe66360e
ce76a75d-93f8-4102-b7ba-5dad8459199d,26d09223-add2-4977-bcc9-d3f6e930f52d
f999ba55-b012-48b8-915e-376b49e1a9f1,807a392b-c33c-46aa-a98b-1bd314a05d33
3aa3db77-cc50-4f8e-8c2a-9b86d4440ca8,2ab1ec97-f030-4978-bc57-0a0a771e7957
e181645e-3e2e-4769-a9a1-e013f3e7d716,c78f57a1-e7ac-4588-8b1b-480f2628e2ae
a2178b00-125f-40a9-9054-ffe7fb939d55,f77a5de0-faf5-4937-9763-7b6531e68d8c
e85ca21c-4b02-41b4-a53d-3a6726d025a4,cf345c5d-a09d-47a0-8d49-e03ac3c37148
4459771a-ce33-4d69-9cbd-25e750f7c460,7ed993e4-ce32-4d0d-a0af-672a2a97ab9c
53fa25fd-3c4e-4d8e-8a54-ef7d4239cb53,e49e1b64-e655-48e6-a9c6-484d6b3b3a99
d80f6233-5b06-4d5e-867f-ee06270ddc12,ae151330-c742-462b-8a9f-0fd83cf2108a
6dec7fa6-3880-4f43-85a6-6149e4e12fde,8979f8aa-fba0-4c8b-9b3e-d9a071f06491
9a7603ba-2760-4f5b-8aef-02dd14e290f6,be14cb75-f5cc-4b62-8c78-d9bde0a4642e
db7b1944-1d60-40cb-863e-fdb2e0cdd4e5,4b304039-f241-44db-9811-591a83b8e783
83dc79e2-e715-423a-8e8f-1a0324750777,dee16ca2-bc65-46fa-9d0d-38ba98243b72
b32c9f4f-72b2-4e43-8d02-9cddc7a4ebb0,5c4053df-0fee-4142-884e-a2736352a331
69c73eb0-a1db-4e21-b851-5de41a94b9f7,88f7e935-7945-4be7-9cca-0d41863d9f7c
183d865a-7aa5-4054-9c7a-8929056a1a12,e0dffb37-5bb4-4231-8cc3-cf52f3d10a66
819ba95d-a099-48c3-a007-4438bf4f93b5,70fa743f-f011-4e9b-aea2-4e2e8eda5012
d996aaeb-4617-45e2-9d95-778549997186,e411a005-7bd0-401e-94e6-1aa5f040f276
4fcc3d99-5cb2-426e-bc15-ee27bd00f5ee,31cc1c45-ebe6-47f0-9e73-2e38fa228db3
8fa1382c-fb20-4251-bbe1-08e7b0662c5e,c3c23d29-51be-4375-90c3-257a0f38123f
aeb8e2e8-c3e1-4ae1-b1e1-0293d23204de,78a9d901-8c64-48ec-a0fd-72a783d31bbd
a92699ea-89e5-4702-a4d7-0ee67ed311fb,86d1965d-0e17-47ec-979c-b6c96a24a6df
12239b44-d5da-41c7-8897-3f7d891597d5,ad028640-6110-49dc-ae9e-aab9312be46f
aec52ec7-95c9-4fbb-9d92-710b7cf230b2,c2b09fae-f339-464f-9fcd-3e93b275ebed
694fed9d-98b7-42cd-9a36-1b7eea58021b,64684fe2-950d-4d2f-a9e0-e0030bb232e9
de84b626-77fa-49cc-8f42-dc5f0104b6a9,ecdccf37-68f7-47ac-9b4a-cf5814951ecd
5e07e173-56e2-424b-91da-32820a5fe006,e4697f96-98fb-4ec3-9502-31ae0d2588f4
fd0f3aa2-af31-4e49-9ffc-ca3620bc33f4,092bef00-cf8c-4a43-af2e-efc4bf140edc
3c3048f3-8a5e-4aba-bdcd-de19b746af58,f8661ac3-28fb-4e31-96fc-d07202285355
c1a895c1-78dc-4765-9ff0-8f52e8d32357,76ed0fdb-5dfe-4e2c-86b2-85ed8943e1d4
ade55964-0fe8-4775-8417-88f6668d71ef,913f5f30-f4bd-477b-b626-d7028d3f1181
0e28b4de-11f6-429a-acd1-05522b0bd061,6af350dd-4b1a-4c42-851d-e549d09e085e
3843e236-0f23-4281-8e9a-b8fcb82bd0e9,98067412-ce7e-48bf-9408-d8b417a8acee
2f996d5e-b6ab-480f-9764-a2f4a9b134ae,8db49c03-71b0-44c3-9af8-766e507c85f7
d3fc1a26-05a1-4dfb-9d7f-3cd4d4d2941c,fdd61392-5f30-4d06-bab1-dc70b958aa30
ed4180b1-49b6-442e-9ef2-226124770c29,9b06de1a-3ed9-4aba-95ae-94e1c6f45b63
95d97ef7-a797-4381-bd6d-29892126b865,1f1f5447-a375-4c60-8f3d-c4c48c504a03
03304e7d-2192-439f-ba19-a658e9612d94,dc96ddec-75c1-4443-aa0d-90924d4f8303
597b2b67-b8a3-4eb8-be44-8eecba0c1f3f,259b695e-3f22-4fdc-a7cd-09f76aeb7968
c8d3c33d-3ce9-4313-9694-83d21bed3944,7da9fe98-43fc-4cb3-9d7f-9e5d941d4bae
709dec5a-86f4-491f-b158-b073b48905d4,6c325b09-c38b-4e12-b65e-cb841cccd8f0
6729441f-0c5b-42ee-a03a-36dd5e278caf,2846be5b-3253-4503-9122-62fce98bcf81
cc13537f-f143-4815-8ca6-9e84c0900699,1e46563f-549f-4863-ba25-402306b90cc0
09ac58f2-c314-4259-ade7-84c6b6b34640,ccd8adee-7f38-4f8e-b425-01e4b3cb28dc
a679639b-bbf0-4112-95a8-90f7d64e862e,8f1d7e76-890d-4205-bc5e-92a1d61cbbce
935f1308-9a1d-4af2-8674-6613c870cada,81996750-22c5-404e-8ab8-688202fabc8a
6ac86f9c-bcc8-4b56-a27b-c153ee9714c5,a6b6a2e2-e2d8-4a3b-828b-5327ac5c6ea9
04d75012-3e94-45dc-a00b-057bc24f9bcc,c5bc6444-bef0-499d-9c97-0d9a63f907ff
b6e8ab3f-a417-4125-a0b2-b4185fb44e76,3888399c-4b69-4ffb-a0b3-6a227cc5f3fb
edb7085f-c694-4d6b-8233-66b780b2afc3,3956e374-df6b-4fac-b9f7-a0e20ea70b66
3e9a6e3e-5c2e-4758-bd2d-505be129ef93,71450adb-f37e-41da-8aae-b28c94b217dc
a5df00d6-036b-4bfd-b79d-447e6e9aa198,41b02333-67d8-43f7-a718-ce311a8462cc
10826c61-1f5a-4a9e-9b38-64ba41b9843c,ebd4faf5-3d82-49a0-9458-3517ccd2715e
5e7792cf-7b05-4760-a67e-c9d3b506a2f9,9e6cc840-3a3d-46b1-89e3-e36f250f5f8f
65b6f90a-0243-4db3-a810-c3a59bcbc9cb,d7a2074c-b8af-4254-a55a-cb2e60649d1f
181d2aeb-06b3-4c17-848e-418f08de58f5,9b55fc97-ea6e-4c6a-93c0-a1f937465a64
1461a07e-7242-44d8-a402-21daee8ec970,6d175ef1-975a-4740-81d2-db02afa39daf
082921fa-1d36-4dfa-9d40-d74d3579b80e,116babe6-174b-4ee4-92d0-6d610cb525c0
69f0ff4e-5d2d-475d-9e01-13bc948fc4fd,45693c53-a3e5-4f4b-8bc1-0cbbb52554bc
39e4144a-746f-4597-a3f3-360e73eb809a,208bd904-dc5d-4fbe-8de6-f24f20734f5f
2f52b822-032f-4fd3-b95d-52584a1649c4,84caa46d-150a-418a-8a3b-ebb4c755643e
3bbbf08e-2dac-443a-9229-02abf1248a33,6d36ac76-f9eb-4fe7-a3a0-5f90963de389
c90a927f-85f9-45a2-8a5d-63f490a27ea2,1ab5d81d-b1b7-4e71-8825-812974d0aac7
3e53fec5-607d-4f20-a413-dcc98a300c7f,016103f0-7fca-4b71-a619-d6f3a5587be8
35633898-c800-4fd9-bf69-c323ce0bcd70,8913b541-bfd9-484c-a370-473d253fedc1
a25a93dd-38dd-4aef-acd8-628c4ea1016b,86cefc75-2a7e-4887-98ca-e70815dc1842
0945c143-05d0-4704-9715-95fb98e2eaa5,1e781597-662d-4b74-9f47-49fa9c378f7c
788f9810-90bb-439c-a5e3-5085827fb89a,000ead08-3ac8-4c30-a5aa-3124b57f8265
aa116dec-fbeb-4ac9-bf48-6d455fac5c72,0f90b83f-baf1-4dfb-8afa-f140aad85171
b2afd1ff-42a2-47f6-b9a3-fcdc0274483b,d3de9aed-9d21-41f2-8af0-7ab578f0a93e
f5ac1255-d9b1-4c4e-8628-dacac83b207b,bc86e2ff-6501-4f9a-ba88-e8c03159b619
3687e6b6-637d-4796-8e9a-38112b058cb0,32a736f4-9fdc-4c5b-8d10-dd62865d6a98
a92c2051-8af0-4bca-8278-166f3a9089be,6f0d3002-6520-40eb-9282-c081edcd7e36
e48f317a-8051-4eac-97da-fcc13ac4e9b5,d66817ca-5888-43b4-9f93-c2f96fd79f6a
5555a8dd-9751-4a60-8e25-dd6a22c7d3c5,a83412b4-a3d4-4776-a2ae-9d87f546c7e1
53b7ace5-6161-45a0-810e-694f35148169,2216b72e-fbb5-4c30-b467-15cdb49165ab
9cde0e1a-bb5c-4496-96d6-9e425a621a8d,69b82700-5ca4-4ad6-9413-c781fc5a53ee
23955d9f-5e4e-4209-96f9-587572d8cc00,72a89601-85ca-4576-9014-dcc71730a5e9
18a14ac1-93aa-49c6-b4c0-dcc499e9cd49,78080387-320d-4dfa-91f6-70c3fb3262e1
c229b4c0-0a7c-40c2-b70a-16c25302bb4c,c1e7c2f3-94c9-4790-8ba3-360af9d27ee7
a8363a31-cc1e-4b4e-8068-30300321d298,70cb5846-954f-49ed-8777-2b228fed6f4c
dc9e9862-dab2-465b-aa84-648893775536,3e328462-1abc-4b97-9d1f-d1f6e515a914
1567d2d2-965b-4133-b1c7-9626cdbfcfc1,e86ab88c-f5b7-4b6b-a1cf-f21374a6823d
185dec5a-568b-4765-af12-53c66afcf9c5,9393d2f6-691b-4dc6-a1f8-8cf5d43614f4
f93e7dfc-b16d-4aae-996f-8f5c45f7db41,fd09be9d-5942-4a4d-84f1-ed47ebd7d729
a2c99b22-29e1-4a7d-b178-888645e49cc1,3061d8e3-30b6-4e77-8781-5c016a0e722d
f04106c0-8943-4e58-a29d-c8715c2aa82c,ef3260d7-7989-4388-9e5f-2c54dd9c2671
f67d7320-832a-44e2-918c-089b2bd2df56,7a5eef49-8fea-459e-8486-44e05c636a77
26e54f52-32dd-4605-ae8a-049a866c01fc,43ff1448-8062-4173-8eb1-b5a0ca002fc1
a834db88-4cc8-4ee1-989c-90cf7413e21e,7961244c-f745-469e-9d39-c32a6d42a9a0
9b63ee21-dd87-4a6e-b772-1c4ffb115dac,20f98bd5-6bb8-4639-ac62-8c8a1bd9b544
c8c99dce-88c4-4a45-87f9-6cd6e466b3da,cacd8e4e-6f23-4a2a-9b68-247df21d1e40
94c1edd8-d29e-4fb1-a810-e64891f17465,fa12bfdd-51fa-44c2-bd75-6fabe748c884
fa8bb196-6813-4b67-9e59-d3b60d42d8b1,8708e2a6-1704-4e48-82e5-9892fb7f8e23
66fa2418-001e-4f3b-a118-5c148df8d80e,f8e05811-25c6-4592-9f54-1350ffc37a55
5545acfe-67a9-4f41-8b8e-92bdb37a7586,82d649af-49ea-4b72-bf84-93f5018b15e6
b7da2bab-bdc3-466e-9a33-8cf5fd35ac85,fef51faf-f5d5-4b3e-a39f-3143e586cd2f
b4841f21-2d7b-4429-9f04-be54326afb69,969a5513-9512-4472-8ee1-c49d899e9bdb
6e3c06da-0ef2-45ac-95a7-74ee5694ca92,e481d8c9-a0f9-4baf-afbe-4f9cf57afa93
e4ccd841-e764-4b24-b086-77c164076c25,209231b9-d131-4c2d-ac1e-a9d3d55ea7ab
6d538357-4223-4d45-a324-fbb1efad18f7,9e9e1b3f-e0b4-455b-815e-4861be8ad0f5
b3a01cee-7a75-4021-a999-96f513856b1d,3ebf52c6-512b-47a7-927d-b7c97cd231b0
90c895b4-37fa-425c-8d51-0f079127b933,c9b7f271-58c4-4b08-96da-0f22bf74e3ad
b402bb80-46f2-437a-82a4-c2431a129992,9d0eb2e8-232d-4c8a-a673-e3f9ce50b538
1eea76a5-2d55-49bf-934c-9c23de0baec2,7a737363-6d49-48d0-87bf-ce0fd6d625ac
b5df5578-b71d-4f47-8c4f-0e84f6f0827a,3789c513-fec5-4cb0-9dd8-3428e75763d7
3fc863f5-5562-4974-abd5-3a3a56962ac2,377bdf03-8299-4b7e-8cfb-8b0a9e48b165
4077ac6d-8ba2-47fe-a4b7-5a1710a421dc,346c9d94-1bd8-493a-836b-a7bf6a3e4a60
d3260dd1-d377-41a1-bf70-ad8a5cff24a8,0eac36e6-c656-48fb-9f81-34f4c3d48453
609d015a-f86d-4e50-afae-642a1618c36d,d3b2cb51-ba0d-4c26-815f-ad34ef70b5bc
4325248a-8e6c-4376-b5be-0c6d08402073,57f1ab66-fa9c-478a-aaa2-0712adabd6eb
14cbfb39-b52a-41ba-8528-7312b2a7bd98,ffbd96e9-d3e3-4408-b028-ddeeb2925b57
32b2ee32-6b3a-45c9-9ab8-b5750b7b42d4,992f4f19-9f3b-413a-9e35-f55625b3e4f0
f9ac20b0-39cc-4d2b-a706-336898c9873a,27c5598f-7e78-48f1-b701-19c6caf2ac08
1a1dbd48-f0ab-4620-9be2-faf05513d779,f46c757b-9c6b-4e20-a3bf-3758ea19aa80
09cdc679-1efe-4248-a272-d53ea81d609b,e43328bc-e890-406b-8a5a-f3af91562c6a
510f3408-d701-4803-a287-1188147ff08a,f9177d70-740a-4c0e-8892-bc7cf9b5a0d1
da825e71-cd43-48f6-a6cc-6009a9f81ccc,582f9e3e-d616-42c8-926c-1827d5c9c825
7c969cd1-d981-425a-b789-2e08a5dec1f3,0e5ab7a5-7aab-451e-8b7a-c5db878b08e9
ef6a379e-c68b-4ea0-aacf-4208a237e657,e63969e7-43f7-4ca7-ac56-4858a415208d
eea04523-e882-4905-936b-1760677abcef,b52fbe3a-4a67-4ad1-b1c8-f427de8b019a
723d845a-fc44-4afd-bf2d-31f4e98070c8,ae46e65b-19d5-478f-ae89-47e2bb44cf9e
2c802598-62bc-4667-a091-895b7c117aea,7b93dc29-640d-4e08-bca9-bb0560af69c9
86faea66-cbf7-4f5d-9291-954cd449b004,03f82912-2a1a-4809-a539-6f8cd937af3e
ef51a82d-cf4d-4c6a-a60f-9ae7ccd56e1a,2b1545d7-0373-4f69-8f82-252427669a78
7c2800f2-aba3-4f7f-aedd-c2c3b5e24bc0,3743f319-6b7e-40f1-a682-93d24aca96e0
b44a1595-e529-489f-bc6d-1b0e0a30da36,b936bedb-1e91-4431-85c4-ff6684623bbb
b4862804-ad29-4116-8d2e-6d74c7ddc703,5b710954-cb57-490b-9775-4fb4ddca3398
38c20bb1-066a-47dc-af59-101fe18bcdc7,9c2854e2-4d51-4896-93cd-03387eae1f3f
3c03d3fb-f3ff-4627-a5d4-0cc7cbad2719,5915bd69-27f7-4e4d-8bbf-9e76d746b10e
3af7d6cb-c7ea-4157-9941-16ef36b6e0f7,64b1ff24-30a4-45e4-a02d-1a6c19dfced9
9b961832-b7be-4ecc-8ac9-36c749226376,92fada80-64c3-4421-b866-1d4fa51a6ced
dcf3727a-8090-4b6e-abce-009fb72a3037,928da765-9027-416e-afee-10a002741893
ab79312f-c88b-47aa-a7f2-0e48b921901b,cdaa439d-a53b-4930-9187-952062c92bd7
c2e31109-1cea-499b-862e-429dc5f6857e,f1bb3941-8626-4e19-b17f-22b2e51a95ed
3c6af24a-0ea2-4fb8-a73c-9cc278903616,a07b89f2-57f6-45e6-9aa4-a767b662282a
e9eb8368-cbf5-4ee3-998f-d94ace489743,73380ee7-4269-4716-a941-25b11155112b
c9d2f9b8-84bf-47f3-a712-5cc7c86a317c,64ecfd4a-bf5a-4bfc-be33-0b7a5c0cfe64
6ca862b6-7c24-4718-8f69-f18f74e5ff2c,2b463bde-9850-4db4-b731-ea3109e4629a
1b29488e-24df-4b33-bfb4-f8306c4e5e69,e5d3f534-e79c-4e66-a5c6-60064a3ba181
5c27dd06-a16a-48ed-b6a5-36f62b033966,2ef365bb-191e-41ba-a398-5b19a4d4bbbe
d2c3179d-c92a-4149-bbc5-1140714ee086,8f95cf33-fde9-45fb-87cf-a8d06f4cc7d2
904b3f77-51f0-41fe-ae6a-e7651eca4779,26d0e9ec-5f32-4575-bcfe-c2e6523c52f1
d55bb836-e9fd-4785-9fb0-8f830480dd82,a4efd62e-bb5d-4c66-87de-e8ff2c4ca3d0
e822925a-a21d-4edd-a5d8-b038a8b81f8b,82a79dfa-ceb3-4b02-84bc-61243ebc78c8
f0064664-17a1-40ff-aeee-4a25dfd741e7,1b4a63cf-2da6-48e6-a676-f94d6bb093e3
cef37063-e5d2-4f11-871f-35fec631c7f0,bf0e0d8c-1b61-4bcf-aebb-020979fb1210
38b1d88d-6756-4bf3-906d-c0a453d1faf4,8e540669-4333-4bc3-9ab2-e7f9d38b6a7a
6ee8dee7-01a3-45f9-b1d7-174f40800622,f612ff93-ca9b-4b04-a3ad-bb28628ac206
f2f7e7f1-adb2-4373-bd38-b65d23a87614,54180896-7257-4ba6-b13c-983562d9672b
97ba391b-2094-49c7-b7c2-0a1a34e4ee8a,77646c80-1138-40ea-a5ac-3bc6c036d16e
2a394861-97dc-4855-8b9d-bb3d97fbcc7c,6609f719-ef35-42a1-9a51-a005a3bb827b
5ec38d31-f99a-4d2a-ab9f-214bf88d0c61,a92ca76f-08c3-4ecd-a9ff-248cfb679dca
f884e195-8b0e-4e6e-b967-c5274632817c,dc0f93a8-5a80-40fb-adef-fc23d7ce8bd8
66e210a5-af66-4a5e-b148-4d7d89e8be77,35e4d6a4-0cd3-4d7d-918a-bf4f6a0547de
bcbe782d-508d-4f2f-b770-1f0b859205c9,e8587b0e-1049-49a9-be68-26ed725591f5
4b4a5896-35e1-4ee5-9222-222818f0123e,e97c04cc-334b-4409-af7a-25b02b285829
749c7be6-d112-4ea2-b304-9d604781c633,6578f2d6-75ec-4f60-925b-be091e5b6752
c379d7e5-e8c4-4ba1-99cb-8e220fcc38b7,27e10cd6-cb2d-4c75-849d-1d1021be3185
089512ae-c605-4edd-9cfc-b50a84e573d5,a081824c-fc0f-4995-826d-fa1ee4a50006
f56184cf-f800-4ce0-b172-7cc78edb8a5f,6c0ef91d-1bff-4610-8fde-b328f6240af1
37121e9a-49a0-41d7-af5d-391b06c097a0,0ddc0039-3856-4cac-995b-6656b5d4bd15
855ea35c-269d-4a0c-bbf5-29f5ae1f3df2,854b464a-f024-4d79-9f71-29a5a89646e7
acb1de2a-a732-43f9-8000-bb649108b773,a1f81e99-c0d1-44a8-bc45-a0864c369947
2bb112cd-259a-4682-9fc1-ccbf30e8a01e,29cd1976-fa66-4187-a1e6-48eb8127eed2
231033a4-2ef9-49c3-b8ce-a8d64b0ef212,ccfa3642-1e05-49e8-ad6f-bc0845d21521
c4de822d-efd8-4217-a58c-253a67f396a1,8c5d0fa2-c430-4a67-895a-7deb70001f0a
ee9c6b5c-dd4a-4cfc-b8af-b72b21f82284,80af8aba-2976-41af-aa24-f9d06035cb4a
ac95ca46-57a6-4ad6-a0a5-f5ac2c993e24,f1919adc-3a5a-4460-bbc0-155d487fde31
e0880ce8-3525-4dc6-943f-e89ba4d4acf1,9cd3c755-016b-46ba-b8ac-efd2210f0059
768adae4-5b9e-4bce-bd4d-21c6e2e878b7,6e5c86ee-96c1-446d-b1b3-4c0fc958dbf5
4197c89c-a4df-4b16-983a-2c89f8926996,171cdaeb-ff4c-4a00-999c-247e34e6caaf
bae28d69-6d8a-4f7e-872e-d5bc389a24ba,4598ff54-24ce-4313-a8d3-49b434d5d074
d37edbb1-855b-49a8-a6b4-f4611821fdb8,74839981-b0d1-4f69-80f0-65e4b252321c
9b041324-c9b6-4e7e-892b-903b18d31b89,aee57650-f29f-4116-9658-1736a40072d4
48599207-7352-4b92-9288-30b08ce05d0a,a7c3cfb0-34ac-4cc8-af1c-02a6f21d4b03
6f111902-f340-4384-a1e9-b2eb98bc60f6,465ecaeb-74ca-469b-9b73-6aca0b0ef32f
f2f1cebb-6495-4f7d-97f7-d61835039575,a7a683ef-4124-4bf3-b084-8bae42c3b68f
32595e5d-5bcf-4dc3-9573-1160933bfa2d,2cadb1bf-4667-4b4c-b3bc-921aff6845db
cb0e87c4-f10e-48b7-8839-38f9e08e84a7,6e6e9034-f86c-4da7-a9a2-4a85c7948ffb
766e91d0-42f9-4592-a7ac-df321da641aa,4c70ff58-b4be-4338-8f03-a37ac0ea6a30
ea81750b-cfe4-411a-a616-b688884bc57c,b451bbc7-8ead-4b51-9854-95fc01854d75
8e865572-035b-454d-afcd-8453c71321d1,01fc54ed-8971-40c7-8922-e585d2d4886f
10a7c652-fdb5-4cdc-ad56-2ae4a1fdb0c4,fc5e87a9-fc16-4251-8ce9-6c902b73021a
c1a576b4-951a-4be7-a6c3-2af1fbdaef92,4730b9a4-142e-4684-9442-3308e5e2a2cd
7d559d96-e7fd-4399-9d03-83aa33816c9d,d2a1e6ff-83a4-43ef-aba6-c6d898658a86
e073b9e7-5af9-4f5e-a95e-5a3aa5ae5422,9421a827-7938-4743-bfa7-425f2f0664eb
98209066-81a5-4b8a-b253-778b95b26c59,72d367c2-927c-41c9-ab65-17cf87123093
02c97f03-0759-4b3f-a448-a91b7cc916b6,05a6cddf-a00f-4054-b5e3-6bac76a124bf
02eea884-322f-4c7e-b873-1302e67cdb08,abaa233e-8e59-4006-a080-0620bd5fabf8
1b6a6b81-e0e7-4304-9f82-9821e87a701f,e9807ba0-4bb8-4b82-901c-1302225a46ce
df665a03-ef9d-47c8-8fd4-7c13369853f3,eb9081d5-8fd1-45cf-8569-bb8a68b5ddc1
e3a42908-9271-4a8f-88cd-6dd3ca14ed86,fed446e8-49b4-4d3f-986e-2d0f8a071946
456dfe56-b2b9-4e95-b51a-b05de15b3b73,07d5cc18-2bfd-42f5-a079-d71f7cb8dc65
e9173ce9-c0a5-412e-b1ca-5287e3efd498,c2b43e91-0a31-4216-a28c-3d55957f634e
1bea616a-bd3f-41cf-b3bc-0dc92eb44d5c,d6315ad4-dd61-4215-93cd-1431a5d4797d
efeef20c-0e7e-46da-a742-ba9e741f62ea,185a59a8-c8b6-4fd3-acf3-9000d8337796
b63457ef-a330-4e35-857d-243bbb14e994,fb7327a1-233a-4898-9235-ba35f82c622e
abf1f446-cf1a-4119-888d-d8e460b26f6a,947bf26b-2c44-4fe7-b293-eca1f1cb0f6e
3a00db10-f476-4343-8050-fb7671d43f01,bd00be05-1a9f-4c46-b69d-912b07662b63
98f39437-38af-417c-a27c-54c00f043717,cad42b7c-bfe1-4570-aba6-3be038d6ea0a
c7b4bd7b-f8a5-4660-bcbf-63bcbca510b0,5b56138f-a3a0-4832-bf31-b57123b8f940
696ce211-914e-4cb4-bf8f-5814d2827c1c,c65d0ba8-e0fa-4a1d-bacd-630794f6c6f4
65b79008-5163-4edd-8187-454b3bc4d5b6,7bd0b716-1776-4ec7-ba27-e505e7232b56
e27fe849-c186-48d9-bdb1-3273873ce0ce,563d4b27-f92f-43b2-80ea-8d9b11413031
b9ae4f8b-c659-4e55-8d25-413ecd4260ef,9252bd15-3c31-4e4e-b0c1-656b089dd20f
d19b6e65-9d5d-41ec-ac62-fb803d4fba96,b5243d84-fe14-4770-9127-70c601f2497c
d0091fcd-31d2-40fb-be4b-f740ff4825a9,1959e9bf-5cad-4f48-bfc6-8102f25ed36f
4ce462b7-715c-49de-9275-cee9c91062de,95a68b41-5025-4a5b-88a6-28ec074185c9
7a2c6afa-bb60-451a-86cf-86d5e43feaf8,7cdcd42f-ca48-4362-8dbe-24e0cc6b9769
5af6e388-ffaf-4885-a220-523aca481eb7,12fe7d5d-6b2c-4852-8b1a-ef12231393f6
6bac505d-7f59-44af-95d8-b60f75118a27,bd6e15f1-1874-4c19-a155-92bcbd351a64
f2d2605b-35b2-45c8-8310-be33027423e2,410fa57b-6cb4-4f09-9031-853b8e8c0db7
6d76a465-1810-41ad-9935-71542c94c6f8,79807e68-63a8-4752-b788-04af7b85fcbe
729d9a0b-6255-4b58-9238-977da34f5e78,e3369607-2919-4934-b4f1-444b95c6d368
e29ce307-61ac-4322-8426-b98ee3066f7c,ca5387a6-54c8-4500-b28c-1d35190df57c
4e762c80-7f82-424c-850b-6e5037298f9f,81ef990a-4ef9-447e-b1e3-d2310e006181
3d06889b-6bd8-473d-9767-59c50e78d493,47bda9c1-e2be-4b34-891e-3e7637524e4c
27457661-e5ea-44d9-aaba-c0f6f05a9894,a320d6d4-07e2-43d8-8d89-00de1108884c
532c4377-fc5d-4be5-9bd3-d46cca97c90d,cb1107cc-6de7-4f24-bcbe-e929244a5585
d0e81b07-7b02-492b-8dca-7488f5377cb2,29199701-f380-4fbf-855e-1868c044c374
d37cc8df-b783-4b69-9f0d-657167b6f260,a337f857-4d39-4c87-87ae-9b189fa83cf4
dd26e970-0578-4385-b3bd-9e6a93771771,5fa686ff-cab7-48af-8413-f0d42d191cf2
c77447f0-77cc-4263-bfb8-158223c33852,9a2dfd08-86b3-477a-b4fb-310889bcb452
b057367e-1189-4f23-9000-f76f497b8e4e,4e806066-8939-4178-ac8e-7d4bab4c391d
b920e69c-9c36-4071-b3cd-24be2134444e,e3690304-10a4-4310-8a33-6a135b23cc43
cd5d464c-7673-45e6-97e7-fbf0f17ecc1a,8e0ce71f-d045-4cad-8a28-ab96b5e63212
739cf935-6b19-450b-a548-85094dab002b,0d60e558-ed5d-4f9b-bc4f-5e6767292d7e
de027993-276f-4834-8155-3437a7dbfab0,8d790ebe-3e95-4fd0-80ac-6c6b0a9d359b
3b03c521-38e7-41fb-bb90-6b5a1887481d,4d1b192f-e99c-44a0-ba0f-433c22d10487
7be24f7d-a4c5-49f4-b884-d7fdd8c67499,772bbaa5-cbf5-415e-b0ec-ab3131e67e43
9e5fc553-1384-46fb-9537-f7889ea37ab4,77763541-c16f-4f90-9fd8-bb08b7e73701
2d1a59f9-c961-4814-8374-cd2a2afbeef9,da2bb291-a5ca-408b-a67c-f025a29932cf
602fdc4c-bf6a-4f36-980b-2a776dfae272,0ec4d5b2-3d31-47c4-b645-147baa3fadc6
c952c45e-4133-48f7-adf9-3ecc3e91463b,a4e91b07-aa08-4658-ae46-6b40dfcbe393
828f71f0-9377-4e67-bb0f-48e6ae0c7164,8e7ca797-9419-46b4-8a86-050e50e0f2f5
9654374a-d378-4525-b892-d918c625c65a,43737b51-30df-4fa0-b503-f32f96c4a399
136d1bdc-b968-48a6-af7e-3ebcb366802a,a5841964-e39c-4f98-8539-a6bb5912380c
53a20f16-e80d-4620-914e-582146952be5,705d9d32-6d77-418e-8c17-63cecbe41270
29835329-9dc7-4914-a9b3-9fb8779085d9,eb5d44c7-1dd1-4e05-bc25-f8ae7b4df97b
d37cef37-cee1-443b-9725-5cae200f3a7a,bc8e5d0a-bd7e-495d-94c8-8cb721b6b85c
af21fb9c-51a3-4ca4-b9d5-65682a696b3e,eef89797-edf3-424e-8a07-829f20f5bae2
27f49fe7-7fa8-4d39-a249-fa2756966c27,59688725-651a-4ba3-bf24-ea144b22e951
aab6ca23-8a45-47ca-9b61-01c17d596087,4cdc024d-1f72-4f70-bd50-50aa766c3952
a1db33c6-3f3e-4b18-b492-ade92c79246a,ba0c4e86-438b-4706-8f5c-f35edf1b562d
e8eade2c-a507-4884-8262-bffc27d92e59,435d2856-1ebe-4aad-ae6d-c196adc0bb68
686e309a-60e2-46a0-ae11-b84ea3463ce7,059ceb1d-9406-4bb3-889d-8ac6a754aa8f
3e120234-3388-48cc-8edf-afca3db296cf,44dc3e6a-c5c6-4d79-aaaf-ee1f08687317
8e558992-1be1-486f-b525-b574d7787305,e288d9bb-c5ae-4d3c-8a5e-9087e2372be5
89c29d88-baf0-4637-9411-655959798544,261abfa7-9a53-4846-b720-53269c69f456
99101924-c80a-41fe-b6ca-7e4cdb95fbf5,e786c318-33a9-426f-b412-2cc36b91e919
076b53d9-addf-4b02-bdaa-66dad816d4c8,af2f4a9c-f678-4e6c-a78f-9c85b60f3baf
74943751-dac8-432b-a9b5-1f270874b7d0,0d59d95b-d2fa-494d-981c-4f41d856d51e
596049ac-e882-4fdd-b51c-f0a611af3ec4,418c944f-ead4-4975-a7bb-403db5843d92
cceb0e5a-ec2b-4548-bb4f-627fd11fc91d,e557178f-7d9e-48ce-ba79-f48f7efd6122
d55082a3-0fc0-41ca-9833-e2bd9bcd9076,3fa324c1-5eb7-4653-914c-ce5d52b78839
30f2a78c-3730-461f-9e52-74e1628d6b64,8beb8d14-f8a1-435d-854a-abfa0d705058
70e9f8d3-6985-48a9-b142-87c683f97a07,c2348efb-74ca-4b1f-b5a0-3e0f3c596a0c
a970a656-36f6-4bb3-bd6c-2af0d84e1698,4ac3c190-434b-472b-b3a2-ff70ff4584fb
9b91f8ee-37c9-488d-8e69-df8d84586fad,313687c4-ee61-442e-b6ed-ec55d22a0eac
f5451bfc-3146-433b-8ad3-e746c82fdcd1,63e18c03-8c74-442b-b4d5-b54fe3925a64
034ddd43-277e-45bb-9d16-31429681a859,1194b7bd-b11f-4afd-b59f-269930a709d9
75aaea09-90c6-4502-ae23-65d809cfe66c,b4f9a621-3948-4242-b9a3-eb186744dc8d
40a5e0e7-49e7-4e0d-9db4-e446be5a5007,26828f94-6118-4f22-bc3c-cadf0ca87106
077308ad-8db2-4c5e-9417-fc663cbf55f9,e5ecc2c2-9568-4381-8af7-d595341a2f57
a1a2ef5e-7d33-4bcc-878e-3cc18ac9e010,fa32b4f0-bf21-4d50-8229-4ec461018dce
f9a37cc8-a058-43c3-a5c4-6f8ef8735a43,7ca76adf-615e-4568-a70a-f1017932faf8
8579a86c-7e32-46ac-ad1f-d254d149bd24,2d8488f3-a537-4729-9b16-141245bad23d
fa642aa9-254a-40d4-9e1e-afc87d6a786b,2d5fe8dc-8bb1-43cf-93b7-e86033463e27
fab0bd18-f01c-4171-82c6-a56317a9be1b,1f6e875b-e1b6-447d-b9f2-a23a853da07b
43a275fe-f226-45d0-a5a3-a40f933f0bfb,c9e918a5-f9f5-4950-a65e-2a0756d75da3
781feab2-1f77-443d-b805-8d0500ef1278,13294bd2-1d39-4a9d-bfe3-44c1ae424fc3
73775462-774a-4d62-80c5-e1bb386f34c5,893614e4-ccd9-4a6d-9cad-0d6edcc26c64
68906503-af9b-478a-9142-7b3047bc152d,04cfaaeb-3afb-423d-b681-619cf27a5fad
9ab9d318-4868-495d-bfe0-91694eed73ca,bccef7e6-2e88-4e4b-a9ff-81a5dec7846c
17c84436-c537-41ed-bea6-cce59c2e173b,97063893-0a0a-4add-b8b1-24abb28059d0
fe8f828d-37e1-4c96-b142-1a8c5dcfe3f6,cc5571d7-8e0d-41ec-9ea1-571742925430
af58cad9-a2cc-4e99-ac65-13bfe596f589,ec84af36-cd49-4d0c-baad-f06668929c61
72cd0dab-2834-4da5-bba3-6071df684fe7,f1b6e2f1-1305-4003-8c1f-af5914278350
e1ffc8d0-7ac2-4e58-8a2c-7539bf087c30,810f235f-bfa0-4494-9985-03c4a5e6135c
ee7402c1-4613-4c91-9c03-08b303cb2b83,6b77dae4-1698-43c9-b3a6-bff824a43bf4
6d3ccb6b-d023-490d-a3f2-6c720287363b,eabcc86b-6cdd-4d07-924b-73bd74227683
b3718d32-9cdc-42a4-ba36-98b9d4a9cf37,33b0b5d1-82ac-44fa-8689-8e905ac59967
9e809281-8e1a-4c1c-9a47-dad5ce14dbf2,9be543fb-af53-410e-9549-c75c508ec746
82a14ec6-e201-49d7-aeb3-8ca4316e7910,3e3ab9b5-ed4f-451c-844c-7d97b8c83579
2e84c6fa-2742-493e-94a7-5c6863f2f79f,28f0b7d0-98b7-4b7c-a484-c903df7fff99
b5dac52b-213f-4a85-a6c2-ccb7dbb35078,2d4ca44a-600c-4a87-b0a7-662ef35606be
777e54f4-a20b-48e0-953d-aa939281fdb0,d28401de-3fb0-414a-93e1-f97415d3017a
0c531cb2-3b97-4b99-a152-aac5ab163368,fdd548f5-89d3-4242-8e4e-593bee0d1865
cd4bb223-b72b-42f1-8eee-a49e87fab736,8d4b2494-de8a-4805-b31f-3453d48b96e4
b922f7ef-68b2-420f-acc4-d7d8ab46d7b5,de5cdb41-bb1b-45a6-b5ff-e90c76f811ac
aa37fd45-e761-4027-b8af-6d8d48709ea0,23c8f7f2-562e-4225-bfb4-dbc92845906c
14ccb2dd-94d7-43e0-a77e-ffcdf91918a2,9aff2a06-e731-45b8-ae29-3d753bcc618d
25be31e7-d340-4349-9567-812566befb32,17e2de99-870b-4c0a-8ab0-c8c5d0914919
2c286047-19f0-457b-864f-eaa7d2e06429,47ef7fcb-6e67-41cf-986b-b2343b3a0cd2
90e94186-0bdb-414f-865d-ab64f7c3df2d,27749408-492f-41ce-b0dd-34f3d676c39f
277b5d10-6f21-474e-9089-a9997668721c,8984aeca-6210-44d3-a1df-16d44935dc8f
b1793eb1-d518-40a9-b4e1-ee246f99a4df,62a55349-4069-4b70-8c53-dc0c661dfeb2
a582241f-c3fe-4a2a-9935-14147985f79f,c3aae9c6-e703-4a66-ac0b-bca57f07e756
e9816524-c2ac-4bc7-b149-3a01d0797a34,8202000a-2854-40ca-9d33-d009169988e0
1b88b1f3-373f-4852-b05c-ecd7617a1ace,1b88ff15-dd1a-4fbd-af1c-431a5e5c0516
a3faa1af-0474-47ac-b2e4-84a3ca570a95,f6ad03f1-2e20-4ce8-b0dd-df5eb8cec2b3
d13a379e-f776-40c0-aad6-ea764b2cd9ab,0bb287e2-644f-418c-ba7f-9748486f3eae
e2fa4788-ea34-43a5-82d7-5122499a4053,79fca394-9dea-4e3e-b0d6-fe54eb5e21be
71f975b4-26cf-48de-a615-9af5e3cfa843,cf64f616-e183-435e-a4d1-ef5d8fb40d44
ed7921d1-7889-4182-a4bf-313b15ec453a,05862e24-01f4-4e35-a1fa-9ce83b9965ec
85fb72f4-5c0a-4f9b-9359-0621eaf87b6f,bfeedd72-cdf9-4e3a-8b60-5b22acf52ca4
b01b3cef-a6d1-476e-804d-f67c2a79825a,aecc1192-489d-4e53-b9bf-d82669308f8b
46311480-0328-4d58-9da7-5b86e3ccce96,4e3be99d-744a-449e-860c-8417927b6927
1eb8f64b-62a4-4855-b10d-915c04edbebd,259abb5c-83a4-4ae7-81b3-c395010c9f24
e0cf8d40-0fd5-4978-a79c-a93ba1169a7e,8d5636da-5462-45c2-ad96-a6558b9295aa
6fd730da-3866-4c26-84c9-2e7857f1c0e1,7bb60d5c-f7fb-4fb4-a654-11330d12472b
3e262206-71dc-4a9e-a0ac-e4de78804ef9,6ae505ea-b38b-48c9-8349-25db14c586f5
1da93a55-c0a6-416b-b769-af82d83692ca,bc155d05-764a-46ef-99cd-b1d150bed81f
7eded5bc-698d-44af-b0a0-9ed8a88591b4,70198d2d-9f4d-4323-8ee6-28e61ca9c07c
390ae4a0-9586-41fa-924c-b1d16d0ce8bd,ab0d6542-5e2d-4f28-9e70-28250ff2a78a
79ad94f2-9ae5-4137-8766-a9fafcd5c948,0c4f5e6d-865c-42c7-9360-b0f8e1702000
5fecf96e-6bb5-4a0f-8fca-8957b098adbf,f14c748d-1853-41d6-a0c3-fd230258095f
cc5ed790-efab-4634-87e2-c2a3b87153ce,d6bb6c27-e471-4d36-a14c-bea16ad6c9ee
4f948adb-43a3-4feb-b007-30d79d96ae58,2405154a-8c01-4d55-8774-b0b97b28a2b4
e5a78324-04ac-4e8c-8d71-ffa4214d2054,7d686d54-bee3-461c-952e-ce21f2cab9b6
c1931af4-e412-4c9d-ad05-ec72d401f13e,e922c9e1-bcd4-41f7-bc81-bcde9e24274d
6cad311e-66d9-4f07-a4ec-2e8154ed107a,8c8e3b47-a884-4734-aa32-e5d6e1a12aa2
b26ef9e4-9343-4bf0-9c9c-02325559692f,630485f2-5257-41e2-826d-56a9f4884543
47af3af3-e7d2-46b0-8721-bce114898bc6,7f7d9fa1-8fb0-455a-8458-fbe8263d5c49
926bf2f5-565c-4b9c-817d-e5f510292055,8bdd1374-6b21-42ec-bc2c-8e9c5b5a4bf2
33991886-4256-4860-9824-e8217b8e5916,2815c64b-7ada-4a01-84fe-901fe95fd8f9
7aec3363-5f9f-4cf5-8ae7-ef2fb60ee452,b8df5201-b652-4aea-82f3-91bd830ff7e6
23e76a07-62a3-40fd-8848-ec6ef5e4e4dd,ac546637-f5fb-4716-8af2-f15e1763be26
60160204-8c83-465b-9950-e45306e7d7f2,88250015-7380-4861-9abd-76b736eee92a
0ce1f0d4-25b2-46d0-bbe2-abe4bbbea581,28ddaa76-a210-461b-adcc-d92bd9faef1c
7ab98e42-222d-44b2-8857-dad686bcb5fd,10e6c8da-e13d-40ef-a9ca-6af20abba91d
854c8fd0-bc8d-4534-9a11-454a141b836b,d8c1c455-b030-4c57-b508-d0d4945c7cce
ce02ac30-d6db-4234-8387-5d26a6cba797,a75966b1-7a70-4087-aec3-34d4d27f4119
fb70151f-074b-45c1-96d2-671fb9523a5c,7b485211-c861-4090-9f9d-4663ff53f1f5
bd83200e-439c-4ccb-8567-c695a2b2ed1f,d286e452-ec96-4b7e-bf8e-b6706aa4bf64
aa9dd75d-876e-4a2d-af83-bee28f24aca3,352dd27d-2dbe-4046-a764-664ab1ce0da6
3ec35a6f-42ac-4c88-9976-d49450784e9f,4d69cd8c-866c-44e7-8954-06b615baf46e
f2748db0-b795-47c2-b68c-3c5db3b8edf4,c76a3f77-60c5-4e61-8ffb-1de6df85a599
3d4301d5-6575-4fa6-a4b0-f0e6036d8365,ae6d7b89-118a-4f82-bf6e-441a3c32a600
d01186ae-e78f-4cff-b77f-69cc8213393c,b1cdd95b-5536-47d6-961f-ec0f55a70b1e
429959f9-df56-48e3-99e0-6dd8d749660f,328c0a42-e1d4-4107-9d99-190691a93b54
a14ba560-6f74-44e0-906e-46ea12cb489b,60715952-1604-460d-a386-2bae2a1b3a16
18fe3676-2ed2-4096-8011-068b758ea639,5a4bc3c7-daf3-46b7-8433-f7e8516a25d2
014d0eaa-61a7-460c-869c-922f0bbadf29,0a761d6d-8a92-46cc-9cdc-00781118971c
12bf90d8-d942-494e-9475-a85432b87711,68f53b71-f303-4f11-890a-5168ef4e9aee
7b649490-b279-4a91-ba52-1b4d5752e909,084ba39e-dd85-4419-961c-2729bac31952
3658d758-2b96-4061-b393-9699f08a0a5e,3c7bb45e-1dc7-4cfd-8bc1-6531f135e345
4de913a0-9967-4bc0-bd87-8653d4895a03,063562d3-9a1c-4445-93d8-951318e92d36
06ee5e7a-a740-4533-8b09-01b5b0e2ca4a,db9acb93-61ae-4991-b812-320c7fc6385b
4338df95-76f9-4080-8125-dda6f2888970,1fe937d1-14a9-4327-8efc-82ac490c23d2
1a72facc-9eb2-4fe4-af53-e59dcda05409,9ce238ca-59c7-437e-9b53-c39329ba77bc
f8d268aa-d6dc-4711-bb3d-bb78927b45c7,58f82304-8514-4ff9-9c18-f136c50356d3
f47d69fc-e6ba-4186-ac43-65de8c148fcd,8ddfcb5e-6031-4e49-8e0f-d4ac780274b4
e1b50dcd-fb5f-4520-b4d0-ae7d955720bf,8cba60e3-58d1-4dcb-82c1-aba9258b1a7b
49f51bb1-19d2-4d70-a26b-cb6e8c3cac50,8959dcaf-15ae-4271-9a76-d358586e01c7
07afc11c-baa4-408e-a142-95030c04cd19,7191fc13-0677-4ce3-9759-d447c86b52e7
eabd0b96-2a42-4e3e-a52c-5c775c1e3cc5,05ce594a-4215-49a1-8b37-88c4d8972f0c
a97d18aa-c313-435f-87f3-e52864407ec0,59f02533-3d92-4b4b-9d74-99aa97dc9b41
